source_layer,device_type,install_year,location,lat,lon
Speed Display Sign,Speed Display Sign,2021,1196 Riverside Dr,44.774491,-63.685253
Speed Display Sign,Speed Display Sign,2021,1196 Riverside Drive,44.774491,-63.685253
Speed Display Sign,Speed Display Sign,2021,1271 Riverside Dr,44.776174,-63.683723
Speed Display Sign,Speed Display Sign,2021,1271 Riverside Drive,44.776174,-63.683723
Speed Display Sign,Speed Display Sign,2021,1357 St Margarets Bay Rd,44.638241,-63.69234
Speed Display Sign,Speed Display Sign,2021,151 Starboard Dr,44.695905,-63.671117
Speed Display Sign,Speed Display Sign,2021,211 Hammonds Plains Rd,44.720369,-63.687466
Speed Display Sign,Speed Display Sign,2021,2455 Waverley Rd,44.787129,-63.599841
Speed Display Sign,Speed Display Sign,2021,319 Waverley Rd,44.70666,-63.549538
Speed Display Sign,Speed Display Sign,2021,345 Pleasant St,44.651226,-63.546978
Speed Display Sign,Speed Display Sign,2021,37 Montebello Dr,44.697692,-63.542681
Speed Display Sign,Speed Display Sign,2021,37 Montebello Drive,44.697692,-63.542681
Speed Display Sign,Speed Display Sign,2021,37 Pockwock Rd,44.736935,-63.794359
Speed Display Sign,Speed Display Sign,2021,7000 Quinpool Rd,44.640317,-63.613314
Speed Display Sign,Speed Display Sign,2021,72 Lacewood Dr,44.662279,-63.641441
Speed Display Sign,Speed Display Sign,2021,98B Woodlawn Rd,44.674833,-63.528957
Speed Display Sign,Speed Display Sign,2021,Between 51 & 81 Parkland Dr,44.660636,-63.670088
Speed Display Sign,Speed Display Sign,2021,Dunbrack St north of 102,44.648726,-63.649123
Speed Display Sign,Speed Display Sign,2021,Intersection of Hwy 7 and Lorne,44.705059,-63.462661
Speed Display Sign,Speed Display Sign,2021,Shore Road at Oceanlea Drive,44.606121,-63.482365
Speed Display Sign,Speed Display Sign,2021,Shore Road at Oceanlea Drive,44.606121,-63.482365
Speed Display Sign,Speed Display Sign,2023,111 Dorothea Drive,44.677698,-63.514525
Speed Display Sign,Speed Display Sign,2023,28 Flamingo Drive,44.673453,-63.650697
Speed Display Sign,Speed Display Sign,2023,28 Flamingo Drive,44.673453,-63.650697
Speed Display Sign,Speed Display Sign,2023,"3170 St Margarets Bay Rd, Inbound",44.671091,-63.777271
Speed Display Sign,Speed Display Sign,2023,73 Bayview Road,44.667749,-63.643728
Speed Display Sign,Speed Display Sign,2023,73 Bayview Road,44.667749,-63.643728
Speed Display Sign,Speed Display Sign,2023,950 Dutch Settlement Rd,44.990293,-63.44195
Speed Display Sign,Speed Display Sign,2023,950 Dutch Settlement Road,44.990293,-63.44195
Speed Display Sign,Speed Display Sign,2023,999 Dutch Settlement Rd,44.992347,-63.439982
Speed Display Sign,Speed Display Sign,2023,999 Dutch Settlement Road,44.992347,-63.439982
Speed Display Sign,Speed Display Sign,2023,Hammonds Plains Road before Pockwock Road,44.735296,-63.797366
Speed Display Sign,Speed Display Sign,2023,Joseph Howe Drive before Armdale Roundabout,44.64463,-63.625719
Speed Display Sign,Speed Display Sign,2023,Leiblin Drive near Civic 110,44.599833,-63.631305
Speed Display Sign,Speed Display Sign,2023,Oxford Street before Coburg Road,44.637034,-63.596323
Speed Display Sign,Speed Display Sign,2023,"Prince Albert Road, Inbound",44.678379,-63.554957
Speed Display Sign,Speed Display Sign,2023,Robie Street south of South Street,44.635425,-63.584224
Speed Display Sign,Speed Display Sign,2023,"Washmill Lake Dr between Bently & Main, EB",44.649827,-63.656001
Speed Display Sign,Speed Display Sign,2023,Waverley Rd near civic 959 (inbound),44.736472,-63.551121
Speed Display Sign,Speed Display Sign,2025,1020 Montague Road,44.723065,-63.528399
Speed Display Sign,Speed Display Sign,2025,124 Montague Road,44.701674,-63.497374
Speed Display Sign,Speed Display Sign,2025,126 Beaver Bank Road,44.786137,-63.69216
Speed Display Sign,Speed Display Sign,2025,1303 Fall River Road,44.811536,-63.616666
Speed Display Sign,Speed Display Sign,2025,15 Briarwood Drive,44.612328,-63.486063
Speed Display Sign,Speed Display Sign,2025,1709 Cole Harbour Road,44.679436,-63.459743
Speed Display Sign,Speed Display Sign,2025,183 Crichton Avenue,44.680123,-63.563012
Speed Display Sign,Speed Display Sign,2025,19 Drysdale Road,44.607251,-63.612566
Speed Display Sign,Speed Display Sign,2025,192 Prince Albert Road,44.675379,-63.559141
Speed Display Sign,Speed Display Sign,2025,1945 Purcells Cove Road,44.623194,-63.597651
Speed Display Sign,Speed Display Sign,2025,240 Main Ave,44.653338,-63.648201
Speed Display Sign,Speed Display Sign,2025,2410 St Margarets Bay Road,44.658959,-63.738961
Speed Display Sign,Speed Display Sign,2025,2843 Joseph Howe Drive,44.644966,-63.626032
Speed Display Sign,Speed Display Sign,2025,315 Lucasville Road,44.772354,-63.717342
Speed Display Sign,Speed Display Sign,2025,3260 Barrington Street,44.667503,-63.598026
Speed Display Sign,Speed Display Sign,2025,3455 Highway 7,44.735854,-63.372568
Speed Display Sign,Speed Display Sign,2025,39 Maplewood Drive,44.655989,-63.737756
Speed Display Sign,Speed Display Sign,2025,398 Millwood Drive,44.7904,-63.697923
Speed Display Sign,Speed Display Sign,2025,41 Kearney Lake Road,44.68173,-63.664647
Speed Display Sign,Speed Display Sign,2025,464 Waverley Road,44.719113,-63.545373
Speed Display Sign,Speed Display Sign,2025,527 Pleasant Street,44.644851,-63.541853
Speed Display Sign,Speed Display Sign,2025,6384 St Margarets Bay Road,44.677466,-63.921977
Speed Display Sign,Speed Display Sign,2025,7070 Chebucto Road,44.643757,-63.618411
Speed Display Sign,Speed Display Sign,2025,767 Windgate Drive,44.793175,-63.680331
Speed Display Sign,Speed Display Sign,2025,829 Mineville Road,44.696118,-63.384563
Speed Display Sign,Speed Display Sign,2025,Bell Road at Garrison Grounds driveway,44.645243,-63.582223
Speed Display Sign,Speed Display Sign,2025,Hammonds Plains Road after Brookshire Court,44.720369,-63.687466
Speed Display Sign,Speed Display Sign,2025,Larry Uteck Boulevard after Broad Street south,44.706393,-63.707908
Speed Display Sign,Speed Display Sign,2025,Main Street after Ridgecrest Drive,44.69205,-63.503467
Speed Display Sign,Speed Display Sign,2025,Massachusetts Avenue before Columbus Street,44.661977,-63.608181
Speed Display Sign,Speed Display Sign,2025,Prospect Road before Evergreen Pl,44.608296,-63.672335
Speed Display Sign,Speed Display Sign,2025,South Street by Dalplex,44.634845,-63.592126
Speed Display Sign,Speed Display Sign,,458 Starboard Dr,44.696203,-63.682085
Speed Display Sign,Speed Display Sign,,Dartmouth Rd at end of ramp,44.726566,-63.643477
Traffic Control Location,Lane Control,,ARMDALE ROTARY - CHEBUCTO RD LANE CONTROL,44.642189,-63.619951
Traffic Control Location,Lane Control,,ARMDALE ROTARY - HERRING COVE RD LANE CONTROL,44.64093,-63.620148
Traffic Control Location,Median Mounted Flashing Beacon,,PLEASANT ST - BELMONT AVE,44.635459,-63.526383
Traffic Control Location,Overhead Flashing Beacon,,FALL RIVER RD - LOCKVIEW RD,44.817083,-63.615389
Traffic Control Location,Overhead Flashing Beacon,,HIGHWAY 7 - ROSS RD,44.704167,-63.465541
Traffic Control Location,Overhead Flashing Beacon,,JOFFRE ST - SINCLAIR ST,44.67629,-63.557046
Traffic Control Location,Overhead Flashing Beacon,,LARRY UTECK BLVD - BLUEWATER RD,44.714409,-63.716647
Traffic Control Location,Overhead Flashing Beacon,,MAPLE ST - THISTLE ST,44.673365,-63.569318
Traffic Control Location,Overhead Flashing Beacon,,PLEASANT ST - CN OVERPASS,44.635055,-63.525864
Traffic Control Location,Overhead Flashing Beacon,,PURCELLS COVE RD - WILLIAMS LAKE RD,44.623595,-63.601393
Traffic Control Location,Pedestrian Half Signals,2024,Hollis St at Upper Water St,44.650307,-63.574245
Traffic Control Location,Pedestrian Half Signals,2024,Lower Water St at Upper Water St,44.650417,-63.573875
Traffic Control Location,Pedestrian Half Signals,2024,Sackville Dr - Civic 636,44.769071,-63.687593
Traffic Control Location,Pedestrian Half Signals,2025,BARRINGTON ST - BARRINGTON PLACE SHOPS,44.65017,-63.575564
Traffic Control Location,Pedestrian Half Signals,2026,MAIN RD - CORSAIR DR,44.631861,-63.521626
Traffic Control Location,Pedestrian Half Signals,2026,MAIN RD - SWORDFISH DR,44.62899,-63.518359
Traffic Control Location,Pedestrian Half Signals,,ALMON ST - GLADSTONE ST,44.655451,-63.601134
Traffic Control Location,Pedestrian Half Signals,,COBURG RD - SEYMOUR ST,44.639332,-63.589903
Traffic Control Location,Pedestrian Half Signals,,MAIN ST - WEYBURN RD,44.683918,-63.532481
Traffic Control Location,Pedestrian Half Signals,,NANTUCKET AVE - DARTMOUTH SHOPPING CENTER,44.670695,-63.576579
Traffic Control Location,Pedestrian Half Signals,,OXFORD ST - ALLAN ST - OAK ST,44.646728,-63.601368
Traffic Control Location,Pedestrian Half Signals,,QUINPOOL RD - BEECH ST (1/2 SIGNAL),44.643981,-63.602173
Traffic Control Location,Pedestrian Half Signals,,QUINPOOL RD - HARVARD ST (1/2 SIGNAL),44.644798,-63.599426
Traffic Control Location,Pedestrian Half Signals,,Quinpool Rd at Canadian Tire,44.645741,-63.596145
Traffic Control Location,RA-5 with Flashing Beacon,2013,LARRY UTECK BLVD AT BEDROS LN,44.698456,-63.666203
Traffic Control Location,RA-5 with Flashing Beacon,2020,LACEWOOD DR - BRAESIDE LN,44.661782,-63.640843
Traffic Control Location,RA-5 with Flashing Beacon,2022,Barrington St at Civic 3150,44.665639,-63.59557
Traffic Control Location,RA-5 with Flashing Beacon,2023,DENTITH RD/CANADIAN TIRE,44.613563,-63.618751
Traffic Control Location,RA-5 with Flashing Beacon,2023,LARRY UTECK BLVD/AMESBURY GATE EAST,44.699618,-63.697783
Traffic Control Location,RA-5 with Flashing Beacon,2023,LARRY UTECK BLVD/AMESBURY GATE WEST,44.702286,-63.702521
Traffic Control Location,RA-5 with Flashing Beacon,2023,WASHMILL LAKE DR/GRANDHAVEN BLVD,44.647929,-63.66387
Traffic Control Location,RA-5 with Flashing Beacon,2024,Herring Cove Rd at Levis St,44.60978,-63.616822
Traffic Control Location,RA-5 with Flashing Beacon,2024,Robie St at Binney St,44.642408,-63.587927
Traffic Control Location,RA-5 with Flashing Beacon,2025,Cobequid Rd at Hillside Ave,44.756365,-63.661967
Traffic Control Location,RA-5 with Flashing Beacon,2025,Upper Water St at Bells Ln,44.651202,-63.575008
Traffic Control Location,RA-5 with Flashing Beacon,,ALBRO LAKE RD - CATHERINE ST,44.678077,-63.585806
Traffic Control Location,RA-5 with Flashing Beacon,,ALDERNEY DR - CHURCH ST,44.666421,-63.571637
Traffic Control Location,RA-5 with Flashing Beacon,,ALDERNEY DR - PRINCE ST,44.663999,-63.565997
Traffic Control Location,RA-5 with Flashing Beacon,,BARRINGTON ST - ARTZ ST (RAMP TO BRIDGE & ACROSS),44.657735,-63.586373
Traffic Control Location,RA-5 with Flashing Beacon,,BARRINGTON ST - RICHMOND ST,44.667891,-63.598399
Traffic Control Location,RA-5 with Flashing Beacon,,BASINVIEW DR - GLEN MOIR TERR,44.71866,-63.680778
Traffic Control Location,RA-5 with Flashing Beacon,,BAYERS RD - CONNOLLY ST,44.653471,-63.612716
Traffic Control Location,RA-5 with Flashing Beacon,,BEAVERBANK RD - PINEHAVEN DR,44.818209,-63.684393
Traffic Control Location,RA-5 with Flashing Beacon,,BEDFORD HWY - BETWEEN CIVICS 1493 & 1505,44.731267,-63.659585
Traffic Control Location,RA-5 with Flashing Beacon,,BEDFORD HWY - CHARLOTTE LANE,44.696516,-63.660756
Traffic Control Location,RA-5 with Flashing Beacon,,BEDFORD HWY - CIVIC 166 - MOUNT ST VINCENT UNIVERSITY,44.672418,-63.643826
Traffic Control Location,RA-5 with Flashing Beacon,,BEDFORD HWY - NELSONS LANDING BLVD,44.71275,-63.674786
Traffic Control Location,RA-5 with Flashing Beacon,,BEDFORD HWY - RUTLEDGE ST,44.725483,-63.667741
Traffic Control Location,RA-5 with Flashing Beacon,,BEDFORD HWY - SETON RD,44.670508,-63.641622
Traffic Control Location,RA-5 with Flashing Beacon,,BEDFORD HWY - SPRING ST,44.726787,-63.66599
Traffic Control Location,RA-5 with Flashing Beacon,,BEDFORD HWY - TREMONT DR,44.678534,-63.650285
Traffic Control Location,RA-5 with Flashing Beacon,,BRUNSWICK ST - CARMICHAEL ST,44.647553,-63.577205
Traffic Control Location,RA-5 with Flashing Beacon,,Braemar Drive at Maple Drive,44.688366,-63.546778
Traffic Control Location,RA-5 with Flashing Beacon,,CALDWELL RD - ASRTAL DR (FLASHERS),44.656551,-63.489371
Traffic Control Location,RA-5 with Flashing Beacon,,CHEBUCTO RD - CONNOLLY ST - ELM ST,44.648099,-63.605022
Traffic Control Location,RA-5 with Flashing Beacon,,CHEBUCTO RD - PHILIP ST,44.644603,-63.617343
Traffic Control Location,RA-5 with Flashing Beacon,,COGSWELL ST - APPROX CIVIC 5816,44.648416,-63.588159
Traffic Control Location,RA-5 with Flashing Beacon,,COLE HARBOUR RD - BISSETT RD,44.672523,-63.47793
Traffic Control Location,RA-5 with Flashing Beacon,,COLE HARBOUR RD - PERRON DR,44.672631,-63.481727
Traffic Control Location,RA-5 with Flashing Beacon,,CONNAUGHT AVE - CHISHOLM AVE,44.658278,-63.618944
Traffic Control Location,RA-5 with Flashing Beacon,,CONNAUGHT AVE - LIVERPOOL ST,44.650375,-63.612354
Traffic Control Location,RA-5 with Flashing Beacon,,CONNAUGHT AVE - NORWOOD ST,44.64145,-63.603656
Traffic Control Location,RA-5 with Flashing Beacon,,CONNAUGHT AVE - REGENT RD,44.65567,-63.6175
Traffic Control Location,RA-5 with Flashing Beacon,,CRICHTON AVE - HAWTHORNE ST (SINGLE SIGN),44.674624,-63.564181
Traffic Control Location,RA-5 with Flashing Beacon,,CRICHTON AVE - OAKDALE CRES,44.677709,-63.56399
Traffic Control Location,RA-5 with Flashing Beacon,,DARTMOUTH RD - NORTH ST - WARDOUR ST,44.73007,-63.65551
Traffic Control Location,RA-5 with Flashing Beacon,,DEVONSHIRE AVE - ALEXANDRA CHILDRENS CENTRE/COURT HOUSE,44.667278,-63.60335
Traffic Control Location,RA-5 with Flashing Beacon,,DEVONSHIRE AVE - RICHMOND ST,44.666903,-63.599772
Traffic Control Location,RA-5 with Flashing Beacon,,DUKE STREET - ARGYLE ST,44.649035,-63.575797
Traffic Control Location,RA-5 with Flashing Beacon,,DUNBRACK ST - BIRKDALE CRES,44.655275,-63.651503
Traffic Control Location,RA-5 with Flashing Beacon,,DUNBRACK ST - CLAYTON PARK DR,44.660289,-63.652211
Traffic Control Location,RA-5 with Flashing Beacon,,DUNBRACK ST - WENTWORTH DR - ROSS ST,44.677279,-63.663451
Traffic Control Location,RA-5 with Flashing Beacon,,DUTCH VILLAGE RD - BETWEEN ALMA CRES - DEAL ST,44.659408,-63.630943
Traffic Control Location,RA-5 with Flashing Beacon,,EAGLEWOOD DR - FLINNS HILL,44.725604,-63.645373
Traffic Control Location,RA-5 with Flashing Beacon,,GLENDALE DR - CHANDLER DR,44.767898,-63.666743
Traffic Control Location,RA-5 with Flashing Beacon,,GLENDALE DR - MCGEE DR,44.765414,-63.66376
Traffic Control Location,RA-5 with Flashing Beacon,,GLENDALE DR - PINEHILL DR,44.770212,-63.672624
Traffic Control Location,RA-5 with Flashing Beacon,,GLENDALE DR - RANKIN DR,44.779626,-63.684348
Traffic Control Location,RA-5 with Flashing Beacon,,GLENDALE DR - RAYMOND DR,44.775137,-63.676416
Traffic Control Location,RA-5 with Flashing Beacon,,GLENDALE DR - SMOKEY DR,44.781164,-63.688914
Traffic Control Location,RA-5 with Flashing Beacon,,GOTTINGEN ST - BUDDY DAYE ST,44.654603,-63.587133
Traffic Control Location,RA-5 with Flashing Beacon,,GOTTINGEN ST - CHARLES ST,44.65635,-63.589673
Traffic Control Location,RA-5 with Flashing Beacon,,GOTTINGEN ST - CUNARD ST,44.653372,-63.585346
Traffic Control Location,RA-5 with Flashing Beacon,,GOTTINGEN ST - UNIACKE ST,44.655165,-63.587952
Traffic Control Location,RA-5 with Flashing Beacon,,HAMMONDS PLAINS RD - BEDFORD HILLS RD,44.718653,-63.685376
Traffic Control Location,RA-5 with Flashing Beacon,,HERRING COVE RD - ARTHUR ST,44.613839,-63.616555
Traffic Control Location,RA-5 with Flashing Beacon,,HERRING COVE RD - GLENORA AVE,44.627809,-63.616412
Traffic Control Location,RA-5 with Flashing Beacon,,HERRING COVE RD - LAWNWOOD AVE,44.636152,-63.621701
Traffic Control Location,RA-5 with Flashing Beacon,,HERRING COVE RD - MCMULLEN RD - MONT ST,44.622659,-63.617776
Traffic Control Location,RA-5 with Flashing Beacon,,HERRING COVE RD - SPRY AVE - CIRCLE DR,44.618864,-63.615431
Traffic Control Location,RA-5 with Flashing Beacon,,HERRING COVE RD - SUSSEX ST,44.611667,-63.617727
Traffic Control Location,RA-5 with Flashing Beacon,,HERRING COVE RD - SYLVIA AVE,44.603461,-63.61145
Traffic Control Location,RA-5 with Flashing Beacon,,HERRING COVE RD CIVIC 565 - AIKENHEAD RD,44.599178,-63.605488
Traffic Control Location,RA-5 with Flashing Beacon,,HIGH ST - LADY HAMMOND RD,44.665265,-63.612204
Traffic Control Location,RA-5 with Flashing Beacon,,HIGHFIELD PARK DR - HIGHFIELD PARK TRANSIT TERMINAL,44.684259,-63.589612
Traffic Control Location,RA-5 with Flashing Beacon,,HIGHWAY 7 - BLACK CULTURAL CENTER,44.702954,-63.470516
Traffic Control Location,RA-5 with Flashing Beacon,,HOLLIS ST - SALTER ST (SINGLE SIGN),44.645039,-63.571511
Traffic Control Location,RA-5 with Flashing Beacon,,JOSEPH HOWE DR - CRAIGMORE DR,44.643585,-63.62355
Traffic Control Location,RA-5 with Flashing Beacon,,KEARNEY LAKE RD - WEDGEWOOD AVE - GROSVENOR RD,44.681632,-63.667768
Traffic Control Location,RA-5 with Flashing Beacon,,LACEWOOD DR - GATEWAY RD,44.663113,-63.643027
Traffic Control Location,RA-5 with Flashing Beacon,,LACEWOOD DR - GLENFOREST DR - STONEY BROOK CT,44.661231,-63.638143
Traffic Control Location,RA-5 with Flashing Beacon,,LACEWOOD DR - LINEAR TRAIL,44.661902,-63.662104
Traffic Control Location,RA-5 with Flashing Beacon,,LADY HAMMOND RD - AGRICOLA ST,44.665692,-63.608676
Traffic Control Location,RA-5 with Flashing Beacon,,MACDONALD BRIDGE - BARRINGTON ST RAMP,44.658645,-63.589092
Traffic Control Location,RA-5 with Flashing Beacon,,MAIN AVE - WASHMILL LAKE DR,44.650484,-63.653755
Traffic Control Location,RA-5 with Flashing Beacon,,MAIN RD CIVIC 1410 - MYERS LANE,44.614692,-63.497791
Traffic Control Location,RA-5 with Flashing Beacon,,MAIN ST - BOOTH ST,44.685566,-63.523976
Traffic Control Location,RA-5 with Flashing Beacon,,MUMFORD RD - LEPPERT ST - STUART GRAHAM DR,44.646114,-63.616296
Traffic Control Location,RA-5 with Flashing Beacon,,MUMFORD RD - OLIVET ST - RALSTON AVE (ADVANCE FLASHER),44.649559,-63.624539
Traffic Control Location,RA-5 with Flashing Beacon,,NANTUCKET AVE - GREEN RD,44.671813,-63.574866
Traffic Control Location,RA-5 with Flashing Beacon,,NORA BERNARD ST - MAYNARD ST,44.651378,-63.585503
Traffic Control Location,RA-5 with Flashing Beacon,,NORA BERNARD ST - NORTH PARK ST,44.650694,-63.586581
Traffic Control Location,RA-5 with Flashing Beacon,,NOVALEA DR - VESTRY ST,44.668762,-63.607962
Traffic Control Location,RA-5 with Flashing Beacon,,OCHTERLONEY ST - KING ST,44.666617,-63.568428
Traffic Control Location,RA-5 with Flashing Beacon,,OLD SAMBRO RD - SCHNARE RD,44.617212,-63.621613
Traffic Control Location,RA-5 with Flashing Beacon,,OXFORD ST - NORWOOD ST,44.642784,-63.599366
Traffic Control Location,RA-5 with Flashing Beacon,,PARKLAND DR - FAIRFAX DR,44.661619,-63.670617
Traffic Control Location,RA-5 with Flashing Beacon,,PARKLAND DR - FARNHAMGATE RD,44.671228,-63.675999
Traffic Control Location,RA-5 with Flashing Beacon,,PARKLAND DR - LANGBRAE DR,44.665755,-63.672249
Traffic Control Location,RA-5 with Flashing Beacon,,PLEASANT ST - CAMERON ST,44.661868,-63.553408
Traffic Control Location,RA-5 with Flashing Beacon,,PLEASANT ST - CARLETON,44.636199,-63.527301
Traffic Control Location,RA-5 with Flashing Beacon,,PLEASANT ST - DARTMOUTH GENERAL HOSPITAL,44.653906,-63.548741
Traffic Control Location,RA-5 with Flashing Beacon,,PLEASANT ST - MOUNT HOPE AVE - NS HOSPITAL,44.652015,-63.547572
Traffic Control Location,RA-5 with Flashing Beacon,,PLEASANT ST - OLD FERRY RD,44.666283,-63.555503
Traffic Control Location,RA-5 with Flashing Beacon,,PLEASANT ST - SHIRLEY ST - CRAWFORD ST,44.645656,-63.543102
Traffic Control Location,RA-5 with Flashing Beacon,,PLEASANT ST CIVIC 352 - MAYFIELD DR (JOHNS LUNCH),44.650633,-63.546765
Traffic Control Location,RA-5 with Flashing Beacon,,PORTLAND ST - FOSTON ST,44.667956,-63.55306
Traffic Control Location,RA-5 with Flashing Beacon,,PORTLAND ST - HAWTHORNE ST,44.668982,-63.558892
Traffic Control Location,RA-5 with Flashing Beacon,,PORTLAND ST - JERSEY DR,44.672095,-63.522481
Traffic Control Location,RA-5 with Flashing Beacon,,PORTLAND ST - LAKEFRONT RD,44.66741,-63.548296
Traffic Control Location,RA-5 with Flashing Beacon,,PORTLAND ST - SETTLE ST,44.671125,-63.528588
Traffic Control Location,RA-5 with Flashing Beacon,,PRINCE ALBERT RD - SINCLAIR ST,44.678255,-63.555371
Traffic Control Location,RA-5 with Flashing Beacon,,PRINCE ALBERT RD CIVIC 163 - MIC-MAC AMATEUR AQUATIC CLUB,44.674306,-63.560646
Traffic Control Location,RA-5 with Flashing Beacon,,PRINCE ARTHUR AVE - RODNEY RD,44.664674,-63.548776
Traffic Control Location,RA-5 with Flashing Beacon,,PURCELLS COVE RD - ANCHOR DR,44.636685,-63.61992
Traffic Control Location,RA-5 with Flashing Beacon,,QUINPOOL RD - HORSESHOE ISLAND PARK,44.641309,-63.616692
Traffic Control Location,RA-5 with Flashing Beacon,,QUINPOOL RD - QUINN ST,44.641707,-63.609489
Traffic Control Location,RA-5 with Flashing Beacon,,ROBIE ST - CHARLES ST,44.653348,-63.593831
Traffic Control Location,RA-5 with Flashing Beacon,,ROBIE ST - CHERRY ST (HOSPITAL),44.644965,-63.589308
Traffic Control Location,RA-5 with Flashing Beacon,,ROBIE ST - OAKLAND RD,44.63471,-63.584043
Traffic Control Location,RA-5 with Flashing Beacon,,ROBIE ST - SHIRLEY ST,44.645876,-63.5897
Traffic Control Location,RA-5 with Flashing Beacon,,ROBIE ST - ST ALBANS ST,44.656442,-63.597391
Traffic Control Location,RA-5 with Flashing Beacon,,ROBIE ST - WELSFORD ST,44.64891,-63.591416
Traffic Control Location,RA-5 with Flashing Beacon,,ROCKY LAKE DR - CENTRAL ST,44.735459,-63.654457
Traffic Control Location,RA-5 with Flashing Beacon,,ROCKY LAKE DR - ROCKMANOR DR,44.737446,-63.651837
Traffic Control Location,RA-5 with Flashing Beacon,,ROCKY LAKE DR - SCOTIA DR,44.73761,-63.648025
Traffic Control Location,RA-5 with Flashing Beacon,,SACKVILLE DR - BEAVER BANK CROSS RD - JUBILEE LANE,44.781629,-63.704429
Traffic Control Location,RA-5 with Flashing Beacon,,SACKVILLE DR - CONNOLLY RD,44.778124,-63.697593
Traffic Control Location,RA-5 with Flashing Beacon,,SACKVILLE DR - SHARON DR,44.781384,-63.700574
Traffic Control Location,RA-5 with Flashing Beacon,,SACKVILLE DR - SPRINGFIELD AVE - FENERTY RD,44.79985,-63.737073
Traffic Control Location,RA-5 with Flashing Beacon,,SOUTH PARK ST - BRENTON PL,44.641074,-63.579153
Traffic Control Location,RA-5 with Flashing Beacon,,SOUTH PARK ST - FENWICK ST,44.637146,-63.577276
Traffic Control Location,RA-5 with Flashing Beacon,,SOUTH PARK ST - VICTORIA RD,44.635816,-63.576645
Traffic Control Location,RA-5 with Flashing Beacon,,SPRING GARDEN RD - CARLTON ST,44.640864,-63.585079
Traffic Control Location,RA-5 with Flashing Beacon,,ST MARGARETS BAY RD - FENWOOD RD - FENERTY RD,44.637117,-63.630622
Traffic Control Location,RA-5 with Flashing Beacon,,ST MARGARETS BAY RD - SHEPPARDS RUN,44.635654,-63.676704
Traffic Control Location,RA-5 with Flashing Beacon,,TITUS ST - EVANS AVE,44.660293,-63.635012
Traffic Control Location,RA-5 with Flashing Beacon,,VALLEYFIELD RD - SPIKENARD ST,44.679034,-63.534198
Traffic Control Location,RA-5 with Flashing Beacon,,VICTORIA RD - CHAPPELL ST,44.678908,-63.583314
Traffic Control Location,RA-5 with Flashing Beacon,,VICTORIA RD - MOIRA ST,44.677563,-63.580995
Traffic Control Location,RA-5 with Flashing Beacon,,WILLET ST - CHADWICK PL,44.660545,-63.65657
Traffic Control Location,RA-5 with Flashing Beacon,,WILLETT ST - WESTRIDGE DR,44.657938,-63.654008
Traffic Control Location,RA-5 with Flashing Beacon,,WINDMILL RD - FARRELL ST - YETTER PARK,44.676678,-63.591123
Traffic Control Location,RA-5 with Flashing Beacon,,WINDMILL RD - JAMIESON ST,44.671105,-63.58492
Traffic Control Location,RA-5 with Flashing Beacon,,WINDMILL RD - SPRINGHILL RD - LOVETT ST,44.678906,-63.593797
Traffic Control Location,RA-5 with Flashing Beacon,,WOODLAND AVE - LAURIER ST,44.681908,-63.574294
Traffic Control Location,RA-5 with Flashing Beacon,,WOODLAND AVE - PINEHILL RD - FREDERICK ST,44.680842,-63.575605
Traffic Control Location,RA-5 with Flashing Beacon,,WOODLAND AVE - SLAYTER ST,44.677906,-63.579238
Traffic Control Location,RA-5 with Flashing Beacon,,WOODLAWN RD - BELLE VISTA DR,44.677495,-63.527367
Traffic Control Location,RA-5 with Flashing Beacon,,WOODLAWN RD - ELLENVALE AVE (ADVANCE FLASHER),44.675837,-63.528816
Traffic Control Location,RA-5 with Flashing Beacon,,WOODLAWN RD - SPIKENARD ST - PRINCE ANDREW HIGH SCHOOL,44.681329,-63.527454
Traffic Control Location,RA-5 with Flashing Beacon,,WYSE RD - DAWSON ST,44.67117,-63.579497
Traffic Control Location,RA-5 with Flashing Beacon,,WYSE RD - FAULKNER ST,44.670718,-63.578721
Traffic Control Location,RA-5 with Flashing Beacon,,WYSE RD - JAMIESON ST,44.672936,-63.582649
Traffic Control Location,RA-5 with Flashing Beacon,,WYSE RD - SPORTSPLEX,44.669272,-63.576088
Traffic Control Location,RA-5 with Flashing Beacon,,YOUNG ST - ISLEVILLE ST - KAYE ST,44.661576,-63.599784
Traffic Control Location,RA-5 with Flashing Beacon,,YOUNG ST - MONAGHAN DR,44.658408,-63.604037
Traffic Control Location,Rectangular Rapid Flashing Beacon,2021,COBURG RD - HENRY ST,44.639597,-63.588829
Traffic Control Location,Rectangular Rapid Flashing Beacon,2021,COBURG RD - LEMARCHANT ST,44.639038,-63.591092
Traffic Control Location,Rectangular Rapid Flashing Beacon,2021,HERRING COVE RD - PURCELLS COVE RD,44.638227,-63.619913
Traffic Control Location,Rectangular Rapid Flashing Beacon,2021,HERRING COVE RD - WOODCREST AVE - PRINCETON AVE,44.594034,-63.598491
Traffic Control Location,Rectangular Rapid Flashing Beacon,2021,HIGHWAY 2 - OAKLEAF CRES,44.893323,-63.587648
Traffic Control Location,Rectangular Rapid Flashing Beacon,2021,LOWER WATER ST - MORRIS ST,44.642415,-63.568768
Traffic Control Location,Rectangular Rapid Flashing Beacon,2021,LOWER WATER ST - SACKVILLE ST,44.646894,-63.571085
Traffic Control Location,Rectangular Rapid Flashing Beacon,2021,LUCASVILLE RD - OLD SACKVILLE DR,44.780833,-63.714585
Traffic Control Location,Rectangular Rapid Flashing Beacon,2021,MAYNARD ST - NORTH ST,44.656262,-63.592604
Traffic Control Location,Rectangular Rapid Flashing Beacon,2021,NORTH ST - GLADSTONE ST,44.652981,-63.597275
Traffic Control Location,Rectangular Rapid Flashing Beacon,2021,OCHTERLONEY ST - PRINCE ALBERT RD,44.671453,-63.562982
Traffic Control Location,Rectangular Rapid Flashing Beacon,2021,PRINCE ALBERT RD - LAKEVIEW POINT RD,44.679027,-63.551761
Traffic Control Location,Rectangular Rapid Flashing Beacon,2021,PURCELLS COVE RD AT CIVIC 1520,44.62989,-63.608898
Traffic Control Location,Rectangular Rapid Flashing Beacon,2021,QUEEN ST - CLYDE ST,44.642118,-63.575362
Traffic Control Location,Rectangular Rapid Flashing Beacon,2021,SOUTH ST - TOWER RD,44.637874,-63.578987
Traffic Control Location,Rectangular Rapid Flashing Beacon,2021,ST MARGARETS BAY RD - BRENTWOOD AVE,44.65531,-63.73314
Traffic Control Location,Rectangular Rapid Flashing Beacon,2022,Agricola St/Charles St,44.654442,-63.592223
Traffic Control Location,Rectangular Rapid Flashing Beacon,2022,BEDFORD HIGHWAY/SULLIVANS HILL,44.722863,-63.670473
Traffic Control Location,Rectangular Rapid Flashing Beacon,2022,Beaver Bank Rd/Boxwood Cres,44.785852,-63.692108
Traffic Control Location,Rectangular Rapid Flashing Beacon,2022,CALDWELL RD - CALDWELL SCHOOL,44.660721,-63.492886
Traffic Control Location,Rectangular Rapid Flashing Beacon,2022,CALDWELL RD/DEERBROOKE DR,44.662953,-63.494844
Traffic Control Location,Rectangular Rapid Flashing Beacon,2022,CALDWELL RD/NOVA TERRACE,44.657818,-63.490386
Traffic Control Location,Rectangular Rapid Flashing Beacon,2022,CALDWELL RD/THORNCREST CRT,44.609262,-63.47157
Traffic Control Location,Rectangular Rapid Flashing Beacon,2022,CALEDONIA RD AT ROLIEKA DR,44.687087,-63.530521
Traffic Control Location,Rectangular Rapid Flashing Beacon,2022,CHEBUCTO RD-CHECBUCTO LN,44.649901,-63.597625
Traffic Control Location,Rectangular Rapid Flashing Beacon,2022,COW BAY RD/KEYPORT AVE,44.614063,-63.469515
Traffic Control Location,Rectangular Rapid Flashing Beacon,2022,CRICHTON AVE-DAHLIA ST,44.673666,-63.564733
Traffic Control Location,Rectangular Rapid Flashing Beacon,2022,Coburg Rd/Lord Dalhousie Dr,44.638287,-63.594152
Traffic Control Location,Rectangular Rapid Flashing Beacon,2022,Dutch Village Rd/Deal St/Rufus Ave,44.657386,-63.632258
Traffic Control Location,Rectangular Rapid Flashing Beacon,2022,FALL RIVER RD/GORDON SNOW COMMUNITY CENTRE,44.813938,-63.616598
Traffic Control Location,Rectangular Rapid Flashing Beacon,2022,GOTTINGEN ST/KAY ST/SULLIVAN ST,44.661993,-63.597871
Traffic Control Location,Rectangular Rapid Flashing Beacon,2022,Gary Martin Dr/Innovation Dr,44.72389,-63.704289
Traffic Control Location,Rectangular Rapid Flashing Beacon,2022,Gottingen St/Falkland St,44.651429,-63.582555
Traffic Control Location,Rectangular Rapid Flashing Beacon,2022,Herring Cove Rd/Brighton Ave,44.630628,-63.618352
Traffic Control Location,Rectangular Rapid Flashing Beacon,2022,Hwy 7 at East Petpeswick Rd,44.786875,-63.148518
Traffic Control Location,Rectangular Rapid Flashing Beacon,2022,INNOVATION DR-GLADYS PORTER PL,44.722292,-63.698408
Traffic Control Location,Rectangular Rapid Flashing Beacon,2022,LOWER WATER ST - BISHOP ST,44.643628,-63.569491
Traffic Control Location,Rectangular Rapid Flashing Beacon,2022,LOWER WATER ST - SALTER ST,44.645295,-63.57056
Traffic Control Location,Rectangular Rapid Flashing Beacon,2022,Lady Hammond Rd/Memorial Dr,44.664995,-63.616234
Traffic Control Location,Rectangular Rapid Flashing Beacon,2022,MAIN AVE - LINEAR PARK TR,44.65147,-63.652522
Traffic Control Location,Rectangular Rapid Flashing Beacon,2022,Main Rd - Civic 1493,44.612473,-63.4954
Traffic Control Location,Rectangular Rapid Flashing Beacon,2022,PRINCE ALBERT/ELLIOT ST,44.672232,-63.562538
Traffic Control Location,Rectangular Rapid Flashing Beacon,2022,RADCLIFFE DR - LINEAR PARK TR,44.664861,-63.664766
Traffic Control Location,Rectangular Rapid Flashing Beacon,2022,ROSS RD/GLENDALE DR,44.689962,-63.454846
Traffic Control Location,Rectangular Rapid Flashing Beacon,2022,Rocky Lake Dr - Civic 2483,44.782777,-63.59926
Traffic Control Location,Rectangular Rapid Flashing Beacon,2022,VICTORIA RD - DAHLIA ST,44.67001,-63.568861
Traffic Control Location,Rectangular Rapid Flashing Beacon,2022,WAVERLEY RD @ BREEZE DR,44.708659,-63.548398
Traffic Control Location,Rectangular Rapid Flashing Beacon,2022,WAVERLEY RD/CRAIGBURN DR,44.722431,-63.543521
Traffic Control Location,Rectangular Rapid Flashing Beacon,2023,ALBRO LAKE RD/LEAMAN DR,44.684961,-63.577934
Traffic Control Location,Rectangular Rapid Flashing Beacon,2023,ARKLOW DR/MERRIMAC DR,44.675757,-63.486214
Traffic Control Location,Rectangular Rapid Flashing Beacon,2023,Armdale @ Chebucto Rd,44.64193,-63.620063
Traffic Control Location,Rectangular Rapid Flashing Beacon,2023,Armdale at Herring Cove Rd,44.641218,-63.620356
Traffic Control Location,Rectangular Rapid Flashing Beacon,2023,Armdale at Joseph Howe Dr,44.641983,-63.620736
Traffic Control Location,Rectangular Rapid Flashing Beacon,2023,Armdale at Quinpool Rd,44.641489,-63.619773
Traffic Control Location,Rectangular Rapid Flashing Beacon,2023,Armdale at St Margarets Bay Rd,44.641663,-63.620985
Traffic Control Location,Rectangular Rapid Flashing Beacon,2023,BEAUFORT RD - OAKLAND RD,44.632737,-63.592907
Traffic Control Location,Rectangular Rapid Flashing Beacon,2023,BRAEMAR DR - CIVIC 172,44.691016,-63.546248
Traffic Control Location,Rectangular Rapid Flashing Beacon,2023,BROAD ST - LARRY UTECK BLVD,44.71288,-63.714432
Traffic Control Location,Rectangular Rapid Flashing Beacon,2023,BROAD ST - LARRY UTECK BLVD,44.712902,-63.713665
Traffic Control Location,Rectangular Rapid Flashing Beacon,2023,BROAD ST - LARRY UTECK BLVD,44.713341,-63.714411
Traffic Control Location,Rectangular Rapid Flashing Beacon,2023,BROAD ST - LARRY UTECK BLVD,44.713356,-63.713724
Traffic Control Location,Rectangular Rapid Flashing Beacon,2023,Barrington St/George St,44.648153,-63.574543
Traffic Control Location,Rectangular Rapid Flashing Beacon,2023,Beaver Bank Rd/Grove Ave,44.821275,-63.681514
Traffic Control Location,Rectangular Rapid Flashing Beacon,2023,Beaver Bank Road at Mayflower Avenue,44.823746,-63.68065
Traffic Control Location,Rectangular Rapid Flashing Beacon,2023,Beaver Bank Road at Welkin Drive,44.802326,-63.688243
Traffic Control Location,Rectangular Rapid Flashing Beacon,2023,CALDWELL RD/MORRIS LAKE DR,44.65396,-63.487507
Traffic Control Location,Rectangular Rapid Flashing Beacon,2023,CALDWELL RD/WEXFORD RD,44.667502,-63.499465
Traffic Control Location,Rectangular Rapid Flashing Beacon,2023,CLAYTON PARK DR - HAZELHOLME DR,44.660508,-63.651035
Traffic Control Location,Rectangular Rapid Flashing Beacon,2023,CRANBERRY CRES - AT WALKWAY CIVIC 78,44.683994,-63.502567
Traffic Control Location,Rectangular Rapid Flashing Beacon,2023,CUNARD ST - MAYNARD ST,44.652326,-63.58691
Traffic Control Location,Rectangular Rapid Flashing Beacon,2023,Caldwell Rd Civic 86,44.612506,-63.489724
Traffic Control Location,Rectangular Rapid Flashing Beacon,2023,Caldwell Rd at Shearwater Flyer Trail,44.627033,-63.483975
Traffic Control Location,Rectangular Rapid Flashing Beacon,2023,Chain Lake Dr at COLTA Trail,44.639491,-63.661603
Traffic Control Location,Rectangular Rapid Flashing Beacon,2023,Cow Bay Rd at Briarwood Dr,44.611647,-63.487001
Traffic Control Location,Rectangular Rapid Flashing Beacon,2023,Cow Bay Rd at Civic 33,44.612127,-63.491996
Traffic Control Location,Rectangular Rapid Flashing Beacon,2023,Cunard Street at Princess Place,44.65105,-63.590757
Traffic Control Location,Rectangular Rapid Flashing Beacon,2023,Farnham Gate Rd at Linear Park Trail,44.672049,-63.671066
Traffic Control Location,Rectangular Rapid Flashing Beacon,2023,HERRING COVE RD - OCEANBREEZE AVE,44.57023,-63.568087
Traffic Control Location,Rectangular Rapid Flashing Beacon,2023,HWY 7-OLD PRESTON RD,44.709785,-63.439354
Traffic Control Location,Rectangular Rapid Flashing Beacon,2023,Herring Cove Rd/McIntosh St,44.600944,-63.607868
Traffic Control Location,Rectangular Rapid Flashing Beacon,2023,Hobsons Lake Dr @ COLTA Trail,44.641958,-63.678343
Traffic Control Location,Rectangular Rapid Flashing Beacon,2023,Horseshoe Lake Dr at COLTA Trail,44.643498,-63.674533
Traffic Control Location,Rectangular Rapid Flashing Beacon,2023,Joseph Howe Rd Ramp at Bedford Highway,44.662429,-63.627332
Traffic Control Location,Rectangular Rapid Flashing Beacon,2023,Langbrae Dr a Linear Park Trail,44.66876,-63.668182
Traffic Control Location,Rectangular Rapid Flashing Beacon,2023,Larry Uteck Boulevard near Civic 230,44.700091,-63.668646
Traffic Control Location,Rectangular Rapid Flashing Beacon,2023,MAIN AVE - FORD ST,44.660439,-63.632243
Traffic Control Location,Rectangular Rapid Flashing Beacon,2023,Metropolitan Ave at Kingfisher Way,44.777111,-63.675083
Traffic Control Location,Rectangular Rapid Flashing Beacon,2023,Mount Edward Rd at Wanda Ln,44.681257,-63.52269
Traffic Control Location,Rectangular Rapid Flashing Beacon,2023,NORTH ST - BRUNSWICK ST,44.658442,-63.589605
Traffic Control Location,Rectangular Rapid Flashing Beacon,2023,North Preston Rd at Cain St,44.743019,-63.464655
Traffic Control Location,Rectangular Rapid Flashing Beacon,2023,OLD SACKVILLE RD/WALKER AVE,44.769383,-63.696725
Traffic Control Location,Rectangular Rapid Flashing Beacon,2023,PORTLAND ST/MAITLAND ST,44.667967,-63.561937
Traffic Control Location,Rectangular Rapid Flashing Beacon,2023,Rocky Lane Dr at Civic 426 (Old Jr High),44.740443,-63.643376
Traffic Control Location,Rectangular Rapid Flashing Beacon,2023,SPRING GARDEN RD - BRUNSWICK ST,44.64361,-63.574883
Traffic Control Location,Rectangular Rapid Flashing Beacon,2023,SPRING GARDEN RD/GRAFTON ST,44.643876,-63.573882
Traffic Control Location,Rectangular Rapid Flashing Beacon,2023,ST MARGARETS BAY RD - CHURCH ST,44.637389,-63.699459
Traffic Control Location,Rectangular Rapid Flashing Beacon,2023,Sackville Dr/Orchard Dr/Bambrick Rd,44.796145,-63.730945
Traffic Control Location,Rectangular Rapid Flashing Beacon,2023,Shore Rd at Gov Wharf Rd,44.610159,-63.492741
Traffic Control Location,Rectangular Rapid Flashing Beacon,2023,Springvale at Civic 15/trail crossing,44.646509,-63.631519
Traffic Control Location,Rectangular Rapid Flashing Beacon,2023,St Margarets Bay Rd at Civic 1800,44.645152,-63.711609
Traffic Control Location,Rectangular Rapid Flashing Beacon,2023,Thomas Raddall Dr at Keshen Goodman Library / Canada Games Centre,44.658918,-63.665383
Traffic Control Location,Rectangular Rapid Flashing Beacon,2023,VALLEYFIELD RD-SKEENA LANE,44.67607,-63.531362
Traffic Control Location,Rectangular Rapid Flashing Beacon,2023,Victoria Rd at Frances St,44.676129,-63.578601
Traffic Control Location,Rectangular Rapid Flashing Beacon,2023,WILLETT ST - FREDERICK ST,44.651173,-63.644245
Traffic Control Location,Rectangular Rapid Flashing Beacon,2023,WINDSOR ST - CHARLES ST,44.651309,-63.596759
Traffic Control Location,Rectangular Rapid Flashing Beacon,2023,WINDSOR ST - HOOD ST,44.660751,-63.615359
Traffic Control Location,Rectangular Rapid Flashing Beacon,2023,WINDSOR ST - WILLOW ST,44.651816,-63.597547
Traffic Control Location,Rectangular Rapid Flashing Beacon,2023,WYSE RD/SYMONDS/ELMWOOD AVE,44.675041,-63.585486
Traffic Control Location,Rectangular Rapid Flashing Beacon,2023,Waverley Rd at Lethbridge Ave,44.70541,-63.54934
Traffic Control Location,Rectangular Rapid Flashing Beacon,2023,Williams Lake Rd at Clovis Ave,44.617586,-63.61076
Traffic Control Location,Rectangular Rapid Flashing Beacon,2023,Woodlawn Rd at Civic 20,44.682576,-63.528324
Traffic Control Location,Rectangular Rapid Flashing Beacon,2024,10 Micmac BLVD,44.684601,-63.557061
Traffic Control Location,Rectangular Rapid Flashing Beacon,2024,17 Highfield Park Dr,44.690261,-63.585055
Traffic Control Location,Rectangular Rapid Flashing Beacon,2024,Almon St at Dublin St,44.653049,-63.604408
Traffic Control Location,Rectangular Rapid Flashing Beacon,2024,Bayers Rd at Bayers Rd Shopping Centre,44.653692,-63.626884
Traffic Control Location,Rectangular Rapid Flashing Beacon,2024,Central Ave at Alex St,44.652686,-63.636645
Traffic Control Location,Rectangular Rapid Flashing Beacon,2024,Cobequid Rd at Civic 345,44.76169,-63.652674
Traffic Control Location,Rectangular Rapid Flashing Beacon,2024,Coburg Rd at Larch St,44.63795,-63.595584
Traffic Control Location,Rectangular Rapid Flashing Beacon,2024,Cole Harbour Rd at Millbrook Ave,44.650209,-63.484343
Traffic Control Location,Rectangular Rapid Flashing Beacon,2024,Cow Bay Rd at Forestgate Dr,44.61633,-63.46609
Traffic Control Location,Rectangular Rapid Flashing Beacon,2024,Cow Bay Rd at Hornes Rd,44.612347,-63.488475
Traffic Control Location,Rectangular Rapid Flashing Beacon,2024,Flamingo Dr at Dove St,44.670835,-63.652652
Traffic Control Location,Rectangular Rapid Flashing Beacon,2024,Highfield Park Dr at Joseph Young St (W),44.685701,-63.590011
Traffic Control Location,Rectangular Rapid Flashing Beacon,2024,Highway 7 at Glasgow Rd,44.713548,-63.438443
Traffic Control Location,Rectangular Rapid Flashing Beacon,2024,Jubilee Rd at Beech St,44.640302,-63.60036
Traffic Control Location,Rectangular Rapid Flashing Beacon,2024,Jubilee Rd at Walnut St,44.642072,-63.594012
Traffic Control Location,Rectangular Rapid Flashing Beacon,2024,Kempt Rd at Commission St,44.661852,-63.613917
Traffic Control Location,Rectangular Rapid Flashing Beacon,2024,Lower Water St at Prince St,44.647921,-63.57156
Traffic Control Location,Rectangular Rapid Flashing Beacon,2024,Main Rd at Howard Ave,44.62335,-63.510014
Traffic Control Location,Rectangular Rapid Flashing Beacon,2024,Micmac BLVD at Civic 1000,44.685925,-63.561664
Traffic Control Location,Rectangular Rapid Flashing Beacon,2024,Micmac BLVD at Civic 300,44.685139,-63.560956
Traffic Control Location,Rectangular Rapid Flashing Beacon,2024,Micmac BLVD at Garden Court Terr,44.68422,-63.558477
Traffic Control Location,Rectangular Rapid Flashing Beacon,2024,Micmac Blvd at Horizon Crt,44.68673,-63.563987
Traffic Control Location,Rectangular Rapid Flashing Beacon,2024,Micmac Blvd at Maybank Sportsfield,44.684968,-63.567863
Traffic Control Location,Rectangular Rapid Flashing Beacon,2024,NORTH ST - DUBLIN ST,44.650472,-63.600814
Traffic Control Location,Rectangular Rapid Flashing Beacon,2024,North St at Clifton St,44.653689,-63.59623
Traffic Control Location,Rectangular Rapid Flashing Beacon,2024,North St at Northwood Terr,44.656737,-63.591944
Traffic Control Location,Rectangular Rapid Flashing Beacon,2024,Novalea Dr at Hennessey Pl,44.66301,-63.599434
Traffic Control Location,Rectangular Rapid Flashing Beacon,2024,Oxford St at Cork St,44.653739,-63.60892
Traffic Control Location,Rectangular Rapid Flashing Beacon,2024,Parkland Dr - Civic 390,44.668103,-63.675292
Traffic Control Location,Rectangular Rapid Flashing Beacon,2024,Pockwock Rd at Civic 633,44.751037,-63.821983
Traffic Control Location,Rectangular Rapid Flashing Beacon,2024,Purcells Cove Rd at Frog Pond,44.624691,-63.605076
Traffic Control Location,Rectangular Rapid Flashing Beacon,2024,Ross Rd at Greenvale Cres,44.685772,-63.453612
Traffic Control Location,Rectangular Rapid Flashing Beacon,2024,Sackville Dr at Hamilton Dr,44.795729,-63.728609
Traffic Control Location,Rectangular Rapid Flashing Beacon,2024,South St at Civic 6260,44.634744,-63.592902
Traffic Control Location,Rectangular Rapid Flashing Beacon,2024,Spring Ave at Collins Grove,44.674593,-63.516153
Traffic Control Location,Rectangular Rapid Flashing Beacon,2024,Sunnybrae Ave at Alex St,44.651998,-63.635972
Traffic Control Location,Rectangular Rapid Flashing Beacon,2024,Thistle St at Slayter St,44.672448,-63.570315
Traffic Control Location,Rectangular Rapid Flashing Beacon,2024,Thistle St at Zatsman Sportsplex,44.66932,-63.573823
Traffic Control Location,Rectangular Rapid Flashing Beacon,2024,Timberlea Village Parkway at Amalfi Way,44.641995,-63.718694
Traffic Control Location,Rectangular Rapid Flashing Beacon,2024,Timberlea Village Parkway at Brunello Blvd,44.644747,-63.71878
Traffic Control Location,Rectangular Rapid Flashing Beacon,2024,Victoria Rd at Brightwood Ave,44.672124,-63.57231
Traffic Control Location,Rectangular Rapid Flashing Beacon,2024,Waverley Rd at Civic 757,44.725785,-63.541649
Traffic Control Location,Rectangular Rapid Flashing Beacon,2024,Waverley at Ellis,44.696245,-63.547557
Traffic Control Location,Rectangular Rapid Flashing Beacon,2024,Windmill Rd Hare,44.667539,-63.57638
Traffic Control Location,Rectangular Rapid Flashing Beacon,2024,Windmill at Fernhill,44.682231,-63.596966
Traffic Control Location,Rectangular Rapid Flashing Beacon,2024,Windmill at Parkston,44.680174,-63.595144
Traffic Control Location,Rectangular Rapid Flashing Beacon,2024,Windsor St at Liverpool St,44.655449,-63.605358
Traffic Control Location,Rectangular Rapid Flashing Beacon,2024,Woodland Ave at Sheridan St,44.679819,-63.576884
Traffic Control Location,Rectangular Rapid Flashing Beacon,2025,"",44.701418,-63.548251
Traffic Control Location,Rectangular Rapid Flashing Beacon,2025,1920 Brunswick St,44.649673,-63.578286
Traffic Control Location,Rectangular Rapid Flashing Beacon,2025,Baker Dr at Coldstream Run,44.665745,-63.530041
Traffic Control Location,Rectangular Rapid Flashing Beacon,2025,Baker Dr at Lindenwood Terr,44.661235,-63.530137
Traffic Control Location,Rectangular Rapid Flashing Beacon,2025,Caledonia Rd at Kennedy Dr,44.691034,-63.532487
Traffic Control Location,Rectangular Rapid Flashing Beacon,2025,Cobequid Rd at Maple Grove Dr,44.765096,-63.649104
Traffic Control Location,Rectangular Rapid Flashing Beacon,2025,Cow Bay Rd at Kinsale Crt,44.610992,-63.481731
Traffic Control Location,Rectangular Rapid Flashing Beacon,2025,Cunard St at Creighton St,44.652831,-63.586116
Traffic Control Location,Rectangular Rapid Flashing Beacon,2025,Dorothea Dr at Topsail Blvd,44.678855,-63.512438
Traffic Control Location,Rectangular Rapid Flashing Beacon,2025,Dutch Village Rd at Frederick Ave,44.65661,-63.632006
Traffic Control Location,Rectangular Rapid Flashing Beacon,2025,Dutch Village Rd at Sunnybrae Ave,44.653817,-63.631384
Traffic Control Location,Rectangular Rapid Flashing Beacon,2025,Gottingen St at Rainnie Dr,44.649195,-63.579979
Traffic Control Location,Rectangular Rapid Flashing Beacon,2025,Inglis St- Civic 5932,44.63305,-63.581468
Traffic Control Location,Rectangular Rapid Flashing Beacon,2025,Novalea Dr at Civic 3972,44.671455,-63.612014
Traffic Control Location,Rectangular Rapid Flashing Beacon,2025,Pleasant St at Arthur St,44.659728,-63.551808
Traffic Control Location,Rectangular Rapid Flashing Beacon,2025,Pleasant St at Marvin St,44.658188,-63.550719
Traffic Control Location,Rectangular Rapid Flashing Beacon,2025,South St at LeMarchant St,44.635524,-63.58928
Traffic Control Location,Rectangular Rapid Flashing Beacon,2025,St Margarets Bay Rd at Oliver St,44.638105,-63.691263
Traffic Control Location,Rectangular Rapid Flashing Beacon,2025,St Margarets Bay Rd at Raines Mill Rd,44.637922,-63.693951
Traffic Control Location,Rectangular Rapid Flashing Beacon,2025,Valleyfield Rd at Louisbourg Lane,44.67823,-63.533192
Traffic Control Location,Rectangular Rapid Flashing Beacon,2025,Windsor St at Welsford St,44.648446,-63.593193
Traffic Control Location,Rectangular Rapid Flashing Beacon,2025,Wyse Rd at Civic 210,44.673488,-63.58342
Traffic Control Location,Rectangular Rapid Flashing Beacon,,"",44.610159,-63.492741
Traffic Control Location,Rectangular Rapid Flashing Beacon,,"",44.683597,-63.517778
Traffic Control Location,Rectangular Rapid Flashing Beacon,,1400 OXFORD ST (ARMBRAE ACADEMY),44.636046,-63.59598
Traffic Control Location,Rectangular Rapid Flashing Beacon,,AGRICOLA ST @ WEST ST,44.653033,-63.590208
Traffic Control Location,Rectangular Rapid Flashing Beacon,,BASINVIEW DR - BEDFORD HILLS RD,44.723861,-63.68255
Traffic Control Location,Rectangular Rapid Flashing Beacon,,BISSETT RD - SHEARWATER FLYER TRAIL,44.657355,-63.448636
Traffic Control Location,Rectangular Rapid Flashing Beacon,,BISSETT RD CIVIC 256 - BISSETT LAKE GREENWAY,44.663788,-63.467973
Traffic Control Location,Rectangular Rapid Flashing Beacon,,CALDWELL RD - ATHOLEA DR,44.644711,-63.480204
Traffic Control Location,Rectangular Rapid Flashing Beacon,,CHEBUCTO RD @ HARVARD ST,44.648982,-63.601456
Traffic Control Location,Rectangular Rapid Flashing Beacon,,DUFFUS ST - ISLEVILLE ST,44.66661,-63.607356
Traffic Control Location,Rectangular Rapid Flashing Beacon,,DUTCH VILLAGE RD - ROSEDALE AVE,44.655596,-63.632086
Traffic Control Location,Rectangular Rapid Flashing Beacon,,Dutch Village Rd - Central Ave,44.654703,-63.632095
Traffic Control Location,Rectangular Rapid Flashing Beacon,,HIGHWAY 2 - COACH AVE,44.827967,-63.611684
Traffic Control Location,Rectangular Rapid Flashing Beacon,,JUBILEE RD - PRESTON ST,44.641528,-63.595928
Traffic Control Location,Rectangular Rapid Flashing Beacon,,LARRY UTECK BLVD CIVIC 420,44.702017,-63.675463
Traffic Control Location,Rectangular Rapid Flashing Beacon,,LARRY UTECK ROUNDABOUT (PEDESTRIAN CROSSING),44.700348,-63.686405
Traffic Control Location,Rectangular Rapid Flashing Beacon,,LARRY UTECK ROUNDABOUT (PEDESTRIAN CROSSING),44.700615,-63.686959
Traffic Control Location,Rectangular Rapid Flashing Beacon,,LARRY UTECK ROUNDABOUT (PEDESTRIAN CROSSING),44.700705,-63.686042
Traffic Control Location,Rectangular Rapid Flashing Beacon,,LARRY UTECK ROUNDABOUT (PEDESTRIAN CROSSING),44.700995,-63.686572
Traffic Control Location,Rectangular Rapid Flashing Beacon,,MAIN AVE @ ALEX ST @ GEBHARDT ST,44.657021,-63.640092
Traffic Control Location,Rectangular Rapid Flashing Beacon,,MAIN AVE @ HILLCREST ST,44.65557,-63.643398
Traffic Control Location,Rectangular Rapid Flashing Beacon,,MAPLE ST - DAHLIA ST,44.671806,-63.566796
Traffic Control Location,Rectangular Rapid Flashing Beacon,,SACKVILLE DR - BEACONSFIELD WAY - EXECUTIVE DR,44.790104,-63.715345
Traffic Control Location,Rectangular Rapid Flashing Beacon,,SOUTH ST - WELLINGTON ST,44.637455,-63.580804
Traffic Control Location,Rectangular Rapid Flashing Beacon,,SOUTH ST @ IWK,44.636997,-63.582766
Traffic Control Location,Rectangular Rapid Flashing Beacon,,THOMAS RADDELL DR @ BMO SOCCER CENTRE,44.656089,-63.661681
Traffic Control Location,Rectangular Rapid Flashing Beacon,,WAVERLEY RD @ MICMAC DR,44.693718,-63.546733
Traffic Control Location,Rectangular Rapid Flashing Beacon,,WILLIAMS LAKE RD – RAVENSCRAIG DR,44.61962,-63.609037
Traffic Control Location,Rectangular Rapid Flashing Beacon,,WINDSOR ST - SUMMIT ST,44.653098,-63.600221
Traffic Control Location,Rectangular Rapid Flashing Beacon,,Windmill Rd - Geary St,44.667089,-63.572912
Traffic Control Location,Roundabout,2021,LARRY UTECK BLVD - BROAD ST (SOUTH) - BROOKLINE DR,44.708222,-63.708925
Traffic Control Location,Roundabout,2023,Larry Uteck Blvd - Broad St - Brookline Dr (North),44.713196,-63.714008
Traffic Control Location,Roundabout,2024,BARRINGTON ST - NORA BERNARD ST,44.654449,-63.581404
Traffic Control Location,Roundabout,,AGRICOLA ST - NORTH PARK ST ROUNDABOUT,44.651479,-63.588139
Traffic Control Location,Roundabout,,ARMDALE ROUNDABOUT,44.641639,-63.620382
Traffic Control Location,Roundabout,,COGSWELL ST - NORTH PARK ST ROUNDABOUT,44.649487,-63.585186
Traffic Control Location,Roundabout,,KNIGHTSRIDGE DR - RUTH GOLDBLOOM DR ROUNDABOUT,44.673805,-63.660717
Traffic Control Location,Roundabout,,LARRY UTECK BLVD ROUNDABOUT,44.700677,-63.686511
Traffic Control Location,Roundabout,,Normandy Dr / Leaman St Roundabout,44.668844,-63.60956
Traffic Control Location,Signalized Intersection,2023,"",44.606584,-63.614174
Traffic Control Location,Signalized Intersection,2023,"",44.651012,-63.675918
Traffic Control Location,Signalized Intersection,2024,"",44.636411,-63.679354
Traffic Control Location,Signalized Intersection,2024,Mount Hope Ave at Leonamarie Dr,44.657658,-63.537219
Traffic Control Location,Signalized Intersection,2025,"",44.647748,-63.716639
Traffic Control Location,Signalized Intersection,2025,BARRINGTON ST - COGSWELL ST,44.651702,-63.576586
Traffic Control Location,Signalized Intersection,2025,BRUNSWICK ST - COGSWELL ST,44.651018,-63.578976
Traffic Control Location,Signalized Intersection,2025,Barrington St at Upper Water St,44.65241,-63.577827
Traffic Control Location,Signalized Intersection,2025,Cogswell St at Upper Water St,44.652017,-63.57603
Traffic Control Location,Signalized Intersection,,AGRICOLA ST - ALMON ST,44.658263,-63.597552
Traffic Control Location,Signalized Intersection,,AGRICOLA ST - NORTH ST,44.655465,-63.593732
Traffic Control Location,Signalized Intersection,,AGRICOLA ST - YOUNG ST,44.660693,-63.601034
Traffic Control Location,Signalized Intersection,,AKERLEY AVE - JOHN SAVAGE AVE,44.717556,-63.582242
Traffic Control Location,Signalized Intersection,,AKERLEY BLVD - JOSEPH ZATZMAN DR,44.711545,-63.600015
Traffic Control Location,Signalized Intersection,,AKERLEY BLVD - MOSHER DR,44.707579,-63.607736
Traffic Control Location,Signalized Intersection,,ALDERNEY DR - KING ST,44.664605,-63.565114
Traffic Control Location,Signalized Intersection,,ALDERNEY DR - OCHTERLONEY ST,44.665359,-63.569924
Traffic Control Location,Signalized Intersection,,ALDERNEY DR - PORTLAND ST,44.664292,-63.568163
Traffic Control Location,Signalized Intersection,,ALDERNEY DR - QUEEN ST,44.664831,-63.569043
Traffic Control Location,Signalized Intersection,,ALMA CRES - DUTCH VILLAGE RD,44.658316,-63.63251
Traffic Control Location,Signalized Intersection,,ALMON ST - CONNAUGHT AVE,44.64891,-63.610164
Traffic Control Location,Signalized Intersection,,ALMON ST - OXFORD ST,44.651724,-63.606222
Traffic Control Location,Signalized Intersection,,ALMON ST - ROBIE ST,44.657354,-63.598801
Traffic Control Location,Signalized Intersection,,ALMON ST - WINDSOR ST,44.654262,-63.602715
Traffic Control Location,Signalized Intersection,,BAKER DR - BASSWOOD RUN - SOBEYS MALL,44.656244,-63.528885
Traffic Control Location,Signalized Intersection,,BARRINGTON ST - DUKE ST,44.64921,-63.575066
Traffic Control Location,Signalized Intersection,,BARRINGTON ST - MORRIS ST,44.641753,-63.571286
Traffic Control Location,Signalized Intersection,,BARRINGTON ST - NIOBE GATE BRDG,44.663555,-63.592992
Traffic Control Location,Signalized Intersection,,BARRINGTON ST - NORTH ST,44.659115,-63.588293
Traffic Control Location,Signalized Intersection,,BARRINGTON ST - PRINCE ST,44.647244,-63.574074
Traffic Control Location,Signalized Intersection,,BARRINGTON ST - SACKVILLE ST,44.646263,-63.57357
Traffic Control Location,Signalized Intersection,,BARRINGTON ST - SPRING GARDEN RD,44.644216,-63.57254
Traffic Control Location,Signalized Intersection,,BAYERS RD - CONNAUGHT AVE,44.652244,-63.614977
Traffic Control Location,Signalized Intersection,,BAYERS RD - HALIFAX SHOPPING CENTRE,44.651679,-63.616525
Traffic Control Location,Signalized Intersection,,BAYERS RD - JOSEPH HOWE DR,44.653647,-63.630165
Traffic Control Location,Signalized Intersection,,BAYERS RD - MAILING ST - PETRO CANADA,44.653723,-63.625388
Traffic Control Location,Signalized Intersection,,BAYERS RD - OXFORD ST,44.654847,-63.610387
Traffic Control Location,Signalized Intersection,,BAYERS RD - ROMANS AVE,44.652799,-63.621902
Traffic Control Location,Signalized Intersection,,BAYERS RD - WINDSOR ST - YOUNG ST,44.656736,-63.607166
Traffic Control Location,Signalized Intersection,,BAYVIEW RD - BEDFORD HWY,44.666314,-63.636777
Traffic Control Location,Signalized Intersection,,BAYVIEW RD - CLAYTON PARK DR - LACEWOOD DR,44.663936,-63.645678
Traffic Control Location,Signalized Intersection,,BEAVER BANK RD - OLD SACKVILLE RD,44.770085,-63.697716
Traffic Control Location,Signalized Intersection,,BEAVERBANK RD - STOKIL DR - MILLWOOD DR,44.790276,-63.692343
Traffic Control Location,Signalized Intersection,,BEDFORD HWY - 50 BEDFORD HWY,44.664318,-63.634292
Traffic Control Location,Signalized Intersection,,BEDFORD HWY - BEDFORD PLACE MALL SOUTH,44.735638,-63.65492
Traffic Control Location,Signalized Intersection,,BEDFORD HWY - CONVOY RUN - HOLLAND AVE,44.71828,-63.674678
Traffic Control Location,Signalized Intersection,,BEDFORD HWY - DARTMOUTH RD,44.73215,-63.656843
Traffic Control Location,Signalized Intersection,,BEDFORD HWY - FLAMINGO DR,44.675382,-63.647689
Traffic Control Location,Signalized Intersection,,BEDFORD HWY - HAMMONDS PLAINS RD,44.715217,-63.678098
Traffic Control Location,Signalized Intersection,,BEDFORD HWY - HATCHERY LANE,44.729261,-63.663145
Traffic Control Location,Signalized Intersection,,BEDFORD HWY - HATCHERY LANE - UNION ST,44.730418,-63.662375
Traffic Control Location,Signalized Intersection,,BEDFORD HWY - KEARNEY LAKE RD,44.682224,-63.660415
Traffic Control Location,Signalized Intersection,,BEDFORD HWY - LARRY UTECK BLVD (ROYAL HEMLOCKS),44.699256,-63.66105
Traffic Control Location,Signalized Intersection,,BEDFORD HWY - MEADOWBROOK DR,44.725009,-63.66873
Traffic Control Location,Signalized Intersection,,BEDFORD HWY - MOIRS MILL RD,44.713906,-63.677526
Traffic Control Location,Signalized Intersection,,BEDFORD HWY - RIVER LANE - BEDFORD PLACE MALL NORTH,44.737957,-63.654348
Traffic Control Location,Signalized Intersection,,BEDFORD HWY - ROCKY LAKE DR,44.734322,-63.655514
Traffic Control Location,Signalized Intersection,,BEDFORD HWY - SOUTHGATE RD,44.711374,-63.671954
Traffic Control Location,Signalized Intersection,,BEDFORD HWY - SUNNYSIDE MALL,44.733037,-63.656029
Traffic Control Location,Signalized Intersection,,BELL RD - SACKVILLE ST - SOUTH PARK ST,44.644442,-63.580825
Traffic Control Location,Signalized Intersection,,BELL RD - SUMMER ST - TROLLOPE ST,44.646801,-63.586026
Traffic Control Location,Signalized Intersection,,BRAEMAR DR - PARCLO NORTH,44.684106,-63.547347
Traffic Control Location,Signalized Intersection,,BRAEMAR DR - PARCLO SOUTH,44.681916,-63.549505
Traffic Control Location,Signalized Intersection,,BRUNSWICK ST - DUKE ST - GOTTINGEN ST,44.648593,-63.577733
Traffic Control Location,Signalized Intersection,,BRUNSWICK ST - NORA BERNARD ST,44.653441,-63.58235
Traffic Control Location,Signalized Intersection,,BRUNSWICK ST - NORTH ST,44.658236,-63.589663
Traffic Control Location,Signalized Intersection,,BRUNSWICK ST - PRINCE ST,44.646574,-63.576717
Traffic Control Location,Signalized Intersection,,BRUNSWICK ST - SACKVILLE ST,44.645584,-63.576203
Traffic Control Location,Signalized Intersection,,BURNSIDE DR - AKERLEY BLVD,44.714614,-63.590957
Traffic Control Location,Signalized Intersection,,BURNSIDE DR - COMMODORE DR - RONALD SMITH AVE,44.699435,-63.583801
Traffic Control Location,Signalized Intersection,,BURNSIDE DR - HIGHWAY 111,44.69324,-63.581157
Traffic Control Location,Signalized Intersection,,BURNSIDE DR - WRIGHT AVE,44.707484,-63.587792
Traffic Control Location,Signalized Intersection,,CHAIN LAKE DR - CIVIC 201 (DAIRY QUEEN),44.649426,-63.675256
Traffic Control Location,Signalized Intersection,,CHAIN LAKE DR - HOBSONS LAKE DR - HORSESHOE LAKE DR,44.637847,-63.671775
Traffic Control Location,Signalized Intersection,,CHAIN LAKE DR - KENT & COSTCO,44.6551,-63.677795
Traffic Control Location,Signalized Intersection,,CHAIN LAKE DR - LAKELANDS BLVD,44.637663,-63.66904
Traffic Control Location,Signalized Intersection,,CHAIN LAKE DR - SUPERSTORE,44.653165,-63.67712
Traffic Control Location,Signalized Intersection,,CHAIN LAKE DR - SUSIE LAKE CRES,44.646551,-63.673264
Traffic Control Location,Signalized Intersection,,CHEBUCTO RD - CONNAUGHT AVE,44.64731,-63.607729
Traffic Control Location,Signalized Intersection,,CHEBUCTO RD - CUNARD ST - WINDSOR ST,44.6504,-63.595632
Traffic Control Location,Signalized Intersection,,CHEBUCTO RD - MACDONALD ST - MUMFORD RD,44.645491,-63.61503
Traffic Control Location,Signalized Intersection,,CHEBUCTO RD - OXFORD ST,44.648774,-63.602348
Traffic Control Location,Signalized Intersection,,COBEQUID RD - FULTZ HOUSE LANE,44.753836,-63.663163
Traffic Control Location,Signalized Intersection,,COBEQUID RD - ZINCK AVE,44.758279,-63.661033
Traffic Control Location,Signalized Intersection,,COBURG RD - OXFORD ST,44.637688,-63.596687
Traffic Control Location,Signalized Intersection,,COBURG RD - ROBIE ST - SPRING GARDEN RD,44.640385,-63.586854
Traffic Control Location,Signalized Intersection,,COGSWELL ST - GOTTINGEN ST,44.650484,-63.581038
Traffic Control Location,Signalized Intersection,,COLE HARBOUR RD - FOREST HILLS PKY,44.671619,-63.490033
Traffic Control Location,Signalized Intersection,,COLE HARBOUR RD - HUGH ALLEN DR,44.671446,-63.494518
Traffic Control Location,Signalized Intersection,,COLE HARBOUR RD - OTAGO DR,44.67125,-63.498316
Traffic Control Location,Signalized Intersection,,COMMODORE DR - BROWNLOW AVE,44.700002,-63.5813
Traffic Control Location,Signalized Intersection,,COMMODORE DR - COUNTRYVIEW DR,44.700533,-63.564686
Traffic Control Location,Signalized Intersection,,COMMODORE DR - EILEEN STUBBS AVE - SPECTACLE LAKE DR,44.700379,-63.579542
Traffic Control Location,Signalized Intersection,,COMMODORE DR - FINLAY DR,44.700506,-63.567471
Traffic Control Location,Signalized Intersection,,CONNAUGHT AVE - QUINPOOL RD,44.643226,-63.604691
Traffic Control Location,Signalized Intersection,,CONNAUGHT AVE - WINDSOR ST,44.660375,-63.61967
Traffic Control Location,Signalized Intersection,,COUNTRYVIEW - SHUBIE,44.706971,-63.563228
Traffic Control Location,Signalized Intersection,,COUNTRYVIEW DR - MCCLURE CL,44.70331,-63.565451
Traffic Control Location,Signalized Intersection,,COW BAY RD - CALDWELL RD,44.611911,-63.473323
Traffic Control Location,Signalized Intersection,,COWIE HILL RD - HERRING COVE RD,44.632356,-63.618522
Traffic Control Location,Signalized Intersection,,CUNARD ST - ROBIE ST,44.650817,-63.592343
Traffic Control Location,Signalized Intersection,,DAMASCUS RD - VERDI DR,44.750382,-63.641736
Traffic Control Location,Signalized Intersection,,"DAMASCUS RD - WALMART (STA #480)",44.750897,-63.644452
Traffic Control Location,Signalized Intersection,,DARTMOUTH RD - RIDGEVALE DR,44.72832,-63.649886
Traffic Control Location,Signalized Intersection,,DENTITH RD - HERRING COVE RD,44.612819,-63.617474
Traffic Control Location,Signalized Intersection,,DENTITH RD - OLD SAMBRO RD,44.615351,-63.621384
Traffic Control Location,Signalized Intersection,,DEVONSHIRE AVE - DUFFUS ST - NOVALEA DR,44.667458,-63.606133
Traffic Control Location,Signalized Intersection,,DONALDSON AVE - DUNBRACK ST - KEARNEY LAKE RD,44.681084,-63.666942
Traffic Control Location,Signalized Intersection,,DRESDEN ROW - SPRING GARDEN RD,44.642808,-63.57786
Traffic Control Location,Signalized Intersection,,DUKE ST - DAMASCUS RD,44.75064,-63.639039
Traffic Control Location,Signalized Intersection,,DUKE ST - HIGHWAY 102 NB EXIT 4C OFF RAMP,44.754908,-63.644469
Traffic Control Location,Signalized Intersection,,DUKE ST - HOLLIS ST,44.649513,-63.573804
Traffic Control Location,Signalized Intersection,,DUNBRACK ST - COWIE HILL RD,44.621796,-63.624469
Traffic Control Location,Signalized Intersection,,DUNBRACK ST - FARNHAM GATE RD,44.673271,-63.663999
Traffic Control Location,Signalized Intersection,,DUNBRACK ST - KNIGHTSRIDGE DR - LANGBRAE DR,44.670124,-63.662634
Traffic Control Location,Signalized Intersection,,DUNBRACK ST - LACEWOOD DR,44.662969,-63.654622
Traffic Control Location,Signalized Intersection,,DUNBRACK ST - MAIN AVE,44.652727,-63.649771
Traffic Control Location,Signalized Intersection,,DUNBRACK ST - OLD SAMBRO RD,44.619241,-63.621494
Traffic Control Location,Signalized Intersection,,DUNBRACK ST - OSBORNE ST,44.630833,-63.63255
Traffic Control Location,Signalized Intersection,,DUNBRACK ST - PETER SAULNIER DR,44.627033,-63.628131
Traffic Control Location,Signalized Intersection,,DUNBRACK ST - RADCLIFFE DR - MEADOWLARK CRES,44.666074,-63.658456
Traffic Control Location,Signalized Intersection,,DUNBRACK ST - WALTER HAVILL DR,44.635477,-63.638364
Traffic Control Location,Signalized Intersection,,DUNBRACK ST - WILLETT ST,44.657018,-63.650653
Traffic Control Location,Signalized Intersection,,DUTCH VILLAGE RD - JOSEPH HOWE DR,44.659957,-63.62859
Traffic Control Location,Signalized Intersection,,FALL RIVER RD - HIGHWAY 2 (SOBEYS),44.818085,-63.612046
Traffic Control Location,Signalized Intersection,,FINLAY DR - MCCLURE CL,44.703779,-63.568703
Traffic Control Location,Signalized Intersection,,FINLAY DR - SHUBIE,44.707205,-63.566576
Traffic Control Location,Signalized Intersection,,FOREST HILLS PKY - AUBURN DR,44.686904,-63.491531
Traffic Control Location,Signalized Intersection,,FOREST HILLS PKY - CANADIAN TIRE,44.674327,-63.491133
Traffic Control Location,Signalized Intersection,,FOREST HILLS PKY - CIRCASSION DR,44.676783,-63.49187
Traffic Control Location,Signalized Intersection,,FOREST HILLS PKY - COLE HARBOUR PLACE,44.683107,-63.491038
Traffic Control Location,Signalized Intersection,,FOREST HILLS PKY - FLYING CLOUD DR - CHAMEAU CRES,44.678787,-63.491729
Traffic Control Location,Signalized Intersection,,FOREST HILLS PKY - TARANAKI DR - FLYING CLOUD DR,44.693873,-63.498976
Traffic Control Location,Signalized Intersection,,GEORGE ST - HOLLIS ST,44.648544,-63.573307
Traffic Control Location,Signalized Intersection,,GEORGE ST - WATER ST,44.648926,-63.572321
Traffic Control Location,Signalized Intersection,,GLENDALE AVE - ESTATES RD,44.758528,-63.652784
Traffic Control Location,Signalized Intersection,,GLENDALE DR - BEAVERBANK RD,44.782454,-63.691629
Traffic Control Location,Signalized Intersection,,GLENDALE DR - COBEQUID RD,44.759759,-63.659826
Traffic Control Location,Signalized Intersection,,GLENDALE DR - MCDOUGALL AVE - SPORTSPLEX,44.772423,-63.67525
Traffic Control Location,Signalized Intersection,,GLENDALE DR - METROPOLITAN AVE,44.776337,-63.677484
Traffic Control Location,Signalized Intersection,,GLENDALE DR - RIVERSIDE DR,44.778775,-63.681814
Traffic Control Location,Signalized Intersection,,GOTTINGEN ST - ALMON ST,44.660078,-63.595075
Traffic Control Location,Signalized Intersection,,GOTTINGEN ST - NORTH ST,44.657338,-63.591117
Traffic Control Location,Signalized Intersection,,GOTTINGEN ST - NOVALEA DR - YOUNG ST,44.6625,-63.598645
Traffic Control Location,Signalized Intersection,,HAMMONDS PLAINS RD - BASINVIEW DR,44.717039,-63.683038
Traffic Control Location,Signalized Intersection,,HAMMONDS PLAINS RD - FOX HOLLOW DR,44.69055,-63.874822
Traffic Control Location,Signalized Intersection,,HAMMONDS PLAINS RD - GARY MARTIN DR,44.726903,-63.702843
Traffic Control Location,Signalized Intersection,,HAMMONDS PLAINS RD - GLEN ARBOUR WAY,44.733837,-63.783277
Traffic Control Location,Signalized Intersection,,HAMMONDS PLAINS RD - HWY 103 EB EXIT 5 ON RAMP,44.700786,-63.859733
Traffic Control Location,Signalized Intersection,,HAMMONDS PLAINS RD - INNOVATION DR,44.726342,-63.695249
Traffic Control Location,Signalized Intersection,,HAMMONDS PLAINS RD - KINGSWOOD DR,44.724362,-63.736332
Traffic Control Location,Signalized Intersection,,HAMMONDS PLAINS RD - LARRY UTECK BLVD,44.723948,-63.731099
Traffic Control Location,Signalized Intersection,,HAMMONDS PLAINS RD - LUCASVILLE RD,44.732289,-63.759331
Traffic Control Location,Signalized Intersection,,HAMMONDS PLAINS RD - POCKWOCK RD,44.73574,-63.792772
Traffic Control Location,Signalized Intersection,,HAMMONDS PLAINS RD - SCHOLARS RD,44.696332,-63.863969
Traffic Control Location,Signalized Intersection,,HAMMONDS PLAINS RD - SMITHS RD,44.724402,-63.690846
Traffic Control Location,Signalized Intersection,,HAMMONDS PLAINS RD - TA9 RD (UNDER REVIEW),44.702525,-63.857774
Traffic Control Location,Signalized Intersection,,HAMMONDS PLAINS RD - WESTWOOD BLVD - FLATLAKE DR,44.704434,-63.855618
Traffic Control Location,Signalized Intersection,,HERRING COVE RD - OLD SAMBRO RD,44.620755,-63.617211
Traffic Control Location,Signalized Intersection,,HERRING COVE RD - WILLIAMS LAKE RD,44.615878,-63.614717
Traffic Control Location,Signalized Intersection,,HIGHWAY 111 - HIGHWAY 111 EB EXIT 3 OFF RAMP,44.692166,-63.580917
Traffic Control Location,Signalized Intersection,,HIGHWAY 7 - MONTAGUE RD,44.698068,-63.493055
Traffic Control Location,Signalized Intersection,,HIGHWAY 7 - PANAVISTA DR,44.694775,-63.497407
Traffic Control Location,Signalized Intersection,,HOBSONS LAKE DR - SUSIE LAKE CRES,44.645589,-63.67882
Traffic Control Location,Signalized Intersection,,HOLLIS ST - MORRIS ST,44.642083,-63.570023
Traffic Control Location,Signalized Intersection,,HOLLIS ST - PRINCE ST,44.64756,-63.572803
Traffic Control Location,Signalized Intersection,,HOLLIS ST - SACKVILLE ST,44.646585,-63.572302
Traffic Control Location,Signalized Intersection,,HORSESHOE LAKE DR - SUSIE LAKE CRES,44.645704,-63.675557
Traffic Control Location,Signalized Intersection,,HWY 102 - GLENDALE AVE,44.756278,-63.646382
Traffic Control Location,Signalized Intersection,,IKEA DRIVEWAY,44.712853,-63.559974
Traffic Control Location,Signalized Intersection,,ILSLEY AVE - RONALD SMITH AVE,44.698907,-63.585655
Traffic Control Location,Signalized Intersection,,INGLIS ST - ROBIE ST,44.63264,-63.58323
Traffic Control Location,Signalized Intersection,,INGLIS ST - TOWER RD,44.633886,-63.578002
Traffic Control Location,Signalized Intersection,,JOSEPH HOWE DR - HIGHWAY 102,44.652067,-63.630429
Traffic Control Location,Signalized Intersection,,JOSEPH HOWE DR - MUMFORD RD,44.648529,-63.629597
Traffic Control Location,Signalized Intersection,,JOSEPH HOWE DR - SCOT ST,44.656269,-63.629673
Traffic Control Location,Signalized Intersection,,JOSEPH HOWE DR - SPRINGVALE AVE,44.647456,-63.629447
Traffic Control Location,Signalized Intersection,,JOSEPH HOWE DR - SUPERSTORE DRIVEWAY,44.65796,-63.629219
Traffic Control Location,Signalized Intersection,,JUBILEE RD - OXFORD ST,44.640872,-63.598333
Traffic Control Location,Signalized Intersection,,JUBILEE RD - ROBIE ST,44.643532,-63.588485
Traffic Control Location,Signalized Intersection,,KEARNEY LAKE RD - BROADHOLME LANE - CASTLE HILL DR,44.683916,-63.673258
Traffic Control Location,Signalized Intersection,,KEARNEY LAKE RD - HIGHWAY 102 NB EXIT 2 OFF RAMP,44.684688,-63.676758
Traffic Control Location,Signalized Intersection,,KEARNEY LAKE RD - HIGHWAY 102 SB EXIT 2 ON RAMP,44.685358,-63.678375
Traffic Control Location,Signalized Intersection,,KEARNEY LAKE RD - LARRY UTECK BLVD,44.700287,-63.700671
Traffic Control Location,Signalized Intersection,,KEARNEY LAKE RD - PARKLAND DR,44.684089,-63.674893
Traffic Control Location,Signalized Intersection,,KEMPT RD - LADY HAMMOND RD,44.66341,-63.621313
Traffic Control Location,Signalized Intersection,,KEMPT RD - YOUNG ST,44.65921,-63.602965
Traffic Control Location,Signalized Intersection,,LACEWOOD DR - FAIRFAX DR,44.658629,-63.671248
Traffic Control Location,Signalized Intersection,,LACEWOOD DR - HIGHWAY 102,44.658125,-63.674984
Traffic Control Location,Signalized Intersection,,LACEWOOD DR - HIGHWAY 102,44.658346,-63.67336
Traffic Control Location,Signalized Intersection,,LACEWOOD DR - LACEWOOD TERMINAL,44.661341,-63.663833
Traffic Control Location,Signalized Intersection,,LACEWOOD DR - PARKLAND DR,44.658862,-63.669475
Traffic Control Location,Signalized Intersection,,LACEWOOD DR - SOBEYS - MCDONALDS,44.662329,-63.656481
Traffic Control Location,Signalized Intersection,,LACEWOOD DR - STRATFORD WAY,44.659679,-63.666247
Traffic Control Location,Signalized Intersection,,LACEWOOD DR - WILLETT ST,44.662127,-63.657631
Traffic Control Location,Signalized Intersection,,LADY HAMMOND RD - ROBIE ST,44.665307,-63.610653
Traffic Control Location,Signalized Intersection,,LARRY UTECK BLVD - SOUTHGATE DR,44.701283,-63.677889
Traffic Control Location,Signalized Intersection,,MAIN AVE - TITUS ST,44.65945,-63.634347
Traffic Control Location,Signalized Intersection,,MAIN AVE - WILLETT ST,44.65407,-63.646777
Traffic Control Location,Signalized Intersection,,MAIN RD - BONAVENTURE ST,44.626656,-63.515109
Traffic Control Location,Signalized Intersection,,MAIN RD - MORRIS AVE,44.621168,-63.507229
Traffic Control Location,Signalized Intersection,,MAIN RD - SHORE RD - COW BAY RD,44.611751,-63.494109
Traffic Control Location,Signalized Intersection,,MAIN ST - CALEDONIA RD - WOODLAWN RD,44.684468,-63.529357
Traffic Control Location,Signalized Intersection,,MAIN ST - FOREST HILLS PKY,44.690496,-63.494806
Traffic Control Location,Signalized Intersection,,MAIN ST - HARTLEN ST,44.682278,-63.537428
Traffic Control Location,Signalized Intersection,,MAIN ST - LAKE MAJOR RD,44.703792,-63.466835
Traffic Control Location,Signalized Intersection,,MAIN ST - MAJOR ST - GORDON AVE,44.681755,-63.541022
Traffic Control Location,Signalized Intersection,,MAIN ST - RIDGECREST DR,44.69183,-63.504323
Traffic Control Location,Signalized Intersection,,MAIN ST - WESTPHAL WAY,44.701422,-63.478524
Traffic Control Location,Signalized Intersection,,METROPOLITAN AVE - FIRST LAKE DR,44.777957,-63.674538
Traffic Control Location,Signalized Intersection,,MICMAC BLVD - CIVICS 21 & 35 AT KENT,44.686429,-63.562523
Traffic Control Location,Signalized Intersection,,MICMAC BLVD - GLEN MANOR DR,44.683727,-63.559939
Traffic Control Location,Signalized Intersection,,MICMAC BLVD - LAKESHORE PARK TERR,44.686798,-63.554129
Traffic Control Location,Signalized Intersection,,MICMAC BLVD - MICMAC MALL ENTRANCE - BROOKDALE CRES,44.684931,-63.55619
Traffic Control Location,Signalized Intersection,,MORRIS ST - SOUTH PARK ST - UNIVERSITY AVE,44.639899,-63.578563
Traffic Control Location,Signalized Intersection,,MOUNT HOPE AVE - BAKER DR,44.654306,-63.529536
Traffic Control Location,Signalized Intersection,,MUMFORD RD - HALIFAX SHOPPING CENTRE,44.647603,-63.619597
Traffic Control Location,Signalized Intersection,,MUMFORD RD - ROMANS AVE,44.648677,-63.621706
Traffic Control Location,Signalized Intersection,,NORA BERNARD ST - GOTTINGEN ST,44.65239,-63.583909
Traffic Control Location,Signalized Intersection,,NORTH ST - OXFORD ST,44.649151,-63.602676
Traffic Control Location,Signalized Intersection,,NORTH ST - ROBIE ST,44.654673,-63.594859
Traffic Control Location,Signalized Intersection,,NORTH ST - WINDSOR ST,44.652218,-63.598367
Traffic Control Location,Signalized Intersection,,NORTH WEST ARM DR - WASHMILL LAKE DR,44.64944,-63.649955
Traffic Control Location,Signalized Intersection,,OCHTERLONEY ST - MAPLE ST,44.670224,-63.564231
Traffic Control Location,Signalized Intersection,,OXFORD ST - QUINPOOL RD,44.644543,-63.600288
Traffic Control Location,Signalized Intersection,,PLEASANT ST - ACADIA ST,44.65509,-63.549512
Traffic Control Location,Signalized Intersection,,PLEASANT ST - ATLANTIC ST,44.649519,-63.546089
Traffic Control Location,Signalized Intersection,,PLEASANT ST - EVERETT ST,44.644457,-63.540862
Traffic Control Location,Signalized Intersection,,PLEASANT ST - HWY 111,44.646944,-63.544413
Traffic Control Location,Signalized Intersection,,PLEASANT ST - IMPERIAL OIL,44.641329,-63.534374
Traffic Control Location,Signalized Intersection,,PORTLAND ST - CALDWELL RD - DOROTHEA DR,44.671078,-63.501893
Traffic Control Location,Signalized Intersection,,PORTLAND ST - CARVER ST - EISENER BLVD,44.671815,-63.525446
Traffic Control Location,Signalized Intersection,,PORTLAND ST - CHESTNUT LANE - MANOR DR,44.669109,-63.543204
Traffic Control Location,Signalized Intersection,,PORTLAND ST - GASTON RD,44.667182,-63.54484
Traffic Control Location,Signalized Intersection,,PORTLAND ST - HWY 111,44.670761,-63.535463
Traffic Control Location,Signalized Intersection,,PORTLAND ST - PENHORN MALL,44.670278,-63.537762
Traffic Control Location,Signalized Intersection,,PORTLAND ST - PLEASANT ST,44.668361,-63.559953
Traffic Control Location,Signalized Intersection,,PORTLAND ST - PORTLAND HILLS TERMINAL,44.670884,-63.506075
Traffic Control Location,Signalized Intersection,,PORTLAND ST - PRINCE ALBERT RD - ALDERNEY DR,44.667611,-63.563946
Traffic Control Location,Signalized Intersection,,PORTLAND ST - PRINCE ARTHUR AVE,44.667259,-63.546762
Traffic Control Location,Signalized Intersection,,PORTLAND ST - REGAL RD,44.670808,-63.508249
Traffic Control Location,Signalized Intersection,,PORTLAND ST - SEARS ENTRANCE,44.670172,-63.540711
Traffic Control Location,Signalized Intersection,,PORTLAND ST - SPRING AVE - PORTLAND ESTATES BLVD,44.67177,-63.518257
Traffic Control Location,Signalized Intersection,,PORTLAND ST - WOODLAWN RD,44.671022,-63.532009
Traffic Control Location,Signalized Intersection,,PRESTON ST - QUINPOOL RD,44.645253,-63.59787
Traffic Control Location,Signalized Intersection,,PRINCE ALBERT RD - BRAEMAR DR,44.680427,-63.550273
Traffic Control Location,Signalized Intersection,,PRINCE ALBERT RD - HAWTHORNE ST,44.673273,-63.561902
Traffic Control Location,Signalized Intersection,,QUEEN ST - SOUTH ST,44.639124,-63.573849
Traffic Control Location,Signalized Intersection,,QUEEN ST - SPRING GARDEN RD,44.643313,-63.575963
Traffic Control Location,Signalized Intersection,,QUINGATE PL - QUINPOOL RD - VERNON ST,44.646498,-63.593352
Traffic Control Location,Signalized Intersection,,ROBIE ST - QUINPOOL RD - COGSWELL RD - BELL RD (WILLOW TREE),44.647243,-63.590442
Traffic Control Location,Signalized Intersection,,ROBIE ST - SOUTH ST,44.63651,-63.58488
Traffic Control Location,Signalized Intersection,,ROBIE ST - UNIVERSITY AVE,44.638148,-63.585651
Traffic Control Location,Signalized Intersection,,ROBIE ST - YOUNG ST,44.65969,-63.602345
Traffic Control Location,Signalized Intersection,,SACKVILLE DR - BEAVERBANK RD,44.776442,-63.696012
Traffic Control Location,Signalized Intersection,,SACKVILLE DR - COBEQUID RD,44.752359,-63.664672
Traffic Control Location,Signalized Intersection,,SACKVILLE DR - DOWNSVIEW MALL,44.774359,-63.693427
Traffic Control Location,Signalized Intersection,,SACKVILLE DR - FLORENCE ST - LEASIDE DR,44.767177,-63.683562
Traffic Control Location,Signalized Intersection,,SACKVILLE DR - LEASIDE DR,44.766947,-63.683142
Traffic Control Location,Signalized Intersection,,SACKVILLE DR - MILLWOOD DR,44.781479,-63.708355
Traffic Control Location,Signalized Intersection,,SACKVILLE DR - PINEHILL DR,44.764369,-63.676846
Traffic Control Location,Signalized Intersection,,SACKVILLE DR - RIVERSIDE DR,44.770012,-63.689398
Traffic Control Location,Signalized Intersection,,SACKVILLE DR - SACKVILLE CROSS RD,44.767766,-63.684625
Traffic Control Location,Signalized Intersection,,SACKVILLE DR - SKYRIDGE AVE,44.760723,-63.672242
Traffic Control Location,Signalized Intersection,,SACKVILLE DR - SUPERSTORE,44.771824,-63.69129
Traffic Control Location,Signalized Intersection,,SACKVILLE ST - DRESDEN ROW,44.64492,-63.578937
Traffic Control Location,Signalized Intersection,,SOUTH PARK ST - SPRING GARDEN RD,44.642289,-63.579762
Traffic Control Location,Signalized Intersection,,SOUTH ST - SOUTH PARK ST,44.638159,-63.577755
Traffic Control Location,Signalized Intersection,,SPRING GARDEN RD - SUMMER ST,44.641334,-63.583331
Traffic Control Location,Signalized Intersection,,ST MARGARETS BAY RD - ALBERT WALKER DR,44.636299,-63.641544
Traffic Control Location,Signalized Intersection,,ST MARGARETS BAY RD - BEECHVILLE PARK DR,44.638002,-63.689062
Traffic Control Location,Signalized Intersection,,ST MARGARETS BAY RD - HAMMONDS PLAINS RD,44.687836,-63.87783
Traffic Control Location,Signalized Intersection,,ST MARGARETS BAY RD - HWY 103 EB EXIT 2 ON RAMP,44.634723,-63.663366
Traffic Control Location,Signalized Intersection,,ST MARGARETS BAY RD - LAKELANDS BLVD,44.635406,-63.669179
Traffic Control Location,Signalized Intersection,,ST MARGARETS BAY RD - PEGGYS COVE RD,44.68917,-63.881436
Traffic Control Location,Signalized Intersection,,ST MARGARETS BAY RD - PROSPECT RD,44.632608,-63.661247
Traffic Control Location,Signalized Intersection,,STARBOARD DR - PEAKVIEW WAY (SOBEYS),44.699114,-63.685352
Traffic Control Location,Signalized Intersection,,VICTORIA RD - ALBRO LAKE RD,44.679403,-63.584128
Traffic Control Location,Signalized Intersection,,VICTORIA RD - BOLAND RD,44.675492,-63.577628
Traffic Control Location,Signalized Intersection,,VICTORIA RD - HIGHFIELD PARK DR,44.682858,-63.590502
Traffic Control Location,Signalized Intersection,,VICTORIA RD - NANTUCKET AVE,44.673403,-63.574255
Traffic Control Location,Signalized Intersection,,VICTORIA RD - PRIMROSE ST,44.681057,-63.587142
Traffic Control Location,Signalized Intersection,,VICTORIA RD - THISTLE ST,44.671504,-63.571398
Traffic Control Location,Signalized Intersection,,VICTORIA RD - WOODLAND AVE,44.677113,-63.580217
Traffic Control Location,Signalized Intersection,,WATER ST - DUKE ST,44.649637,-63.573315
Traffic Control Location,Signalized Intersection,,WAVERLEY RD - MONTEBELLO DR,44.698403,-63.547631
Traffic Control Location,Signalized Intersection,,WILKINSON AVE - WRIGHT AVE,44.710055,-63.569545
Traffic Control Location,Signalized Intersection,,WINDMILL RD - AKERLEY BLVD,44.703438,-63.611826
Traffic Control Location,Signalized Intersection,,WINDMILL RD - ALBRO LAKE RD,44.675476,-63.590538
Traffic Control Location,Signalized Intersection,,WINDMILL RD - PRINCESS MARGARET BLVD - YORKSHIRE AVE,44.686359,-63.598862
Traffic Control Location,Signalized Intersection,,WINDMILL RD - RALSTON AVE - SEAPOINT RD,44.70076,-63.607013
Traffic Control Location,Signalized Intersection,,WINDMILL RD - VICTORIA RD,44.694688,-63.600319
Traffic Control Location,Signalized Intersection,,WINDMILL RD - WRIGHT AVE - BANCROFT LANE,44.698393,-63.604954
Traffic Control Location,Signalized Intersection,,WINDMILL RD - WYSE RD,44.667453,-63.574647
Traffic Control Location,Signalized Intersection,,WINDSOR ST - LADY HAMMOND RD,44.662749,-63.622363
Traffic Control Location,Signalized Intersection,,WOODLAND AVE - MICMAC BLVD,44.685761,-63.569161
Traffic Control Location,Signalized Intersection,,WOODLAWN RD - ATHORPE DR,44.672004,-63.53216
Traffic Control Location,Signalized Intersection,,WOODLAWN RD - MOUNT EDWARD RD,44.679045,-63.525639
Traffic Control Location,Signalized Intersection,,WOODLAWN RD - VALLEYFIELD RD - SETTLE ST,44.673427,-63.529578
Traffic Control Location,Signalized Intersection,,WRIGHT AVE - FINLAY DR,44.709556,-63.565922
Traffic Control Location,Signalized Intersection,,WRIGHT AVE - HIGHWAY 118 NB EXIT 12 ON RAMP,44.707432,-63.556668
Traffic Control Location,Signalized Intersection,,WRIGHT AVE - ILSLEY AVE - ISNOR DR,44.704857,-63.595712
Traffic Control Location,Signalized Intersection,,WRIGHT AVE - JOHN SAVAGE AVE,44.709113,-63.577432
Traffic Control Location,Signalized Intersection,,WRIGHT AVE - JOSEPH ZATZMAN DR - RADDALL AVE,44.706212,-63.592434
Traffic Control Location,Signalized Intersection,,WRIGHT AVE - MACDONALD AVE,44.701765,-63.600502
Traffic Control Location,Signalized Intersection,,WRIGHT AVE - WILLIAMS AVE - GARLAND AVE,44.708319,-63.583317
Traffic Control Location,Signalized Intersection,,WYSE RD - ALBRO LAKE RD,44.676611,-63.587636
Traffic Control Location,Signalized Intersection,,WYSE RD - BOLAND RD,44.672146,-63.58141
Traffic Control Location,Signalized Intersection,,WYSE RD - NANTUCKET AVE,44.670058,-63.577581
Traffic Control Location,Signalized Intersection,,WYSE RD - THISTLE ST,44.668427,-63.574791
