area,area_type,year_label,year_start,residential_rate,commercial_rate,spread,rank_in_year,yoy_spread_change,is_outlier
TRENTON,Town,2009/2010,2009,1.99,5.49,3.5,1,,false
CLARK'S HARBOR,Town,2009/2010,2009,1.65,5.14,3.49,2,,false
MULGRAVE,Town,2009/2010,2009,1.37,4.5,3.13,3,,false
SPRINGHILL,Town,2009/2010,2009,2.25,5.38,3.13,3,,false
CITY OF SYDNEY,Cape Breton Regional,2009/2010,2009,2.19,5.31,3.12,5,,false
LOCKEPORT,Town,2009/2010,2009,2.21,5.28,3.07,6,,false
OXFORD,Town,2009/2010,2009,1.56,4.55,2.99,7,,false
CAPE BRETON MUN-Suburban,Cape Breton Regional,2009/2010,2009,1.61,4.49,2.88,8,,false
SYDNEY MINES,Cape Breton Regional,2009/2010,2009,1.91,4.67,2.76,9,,false
LOUISBOURG,Cape Breton Regional,2009/2010,2009,1.94,4.67,2.73,10,,false
DOMINION,Cape Breton Regional,2009/2010,2009,1.99,4.67,2.68,11,,false
NEW WATERFORD,Cape Breton Regional,2009/2010,2009,2.0,4.67,2.67,12,,false
GLACE BAY,Cape Breton Regional,2009/2010,2009,2.01,4.67,2.66,13,,false
AMHERST,Town,2009/2010,2009,1.67,4.31,2.64,14,,false
NORTH SYDNEY,Cape Breton Regional,2009/2010,2009,2.03,4.67,2.64,14,,false
PORT HAWKESBURY,Town,2009/2010,2009,1.8,4.26,2.46,16,,false
YARMOUTH,Town,2009/2010,2009,1.75,4.21,2.46,16,,false
BEDFORD,Halifax Regional,2009/2010,2009,1.28,3.71,2.43,18,,false
COUNTY SUBURBAN,Halifax Regional,2009/2010,2009,1.25,3.67,2.42,19,,false
DARTMOUTH,Halifax Regional,2009/2010,2009,1.29,3.71,2.42,19,,false
HALIFAX,Halifax Regional,2009/2010,2009,1.27,3.69,2.42,19,,false
HALIFAX URBAN CORE,Halifax Regional,2009/2010,2009,1.29,3.71,2.42,19,,false
COUNTY URBAN,Halifax Regional,2009/2010,2009,1.28,3.69,2.41,23,,false
TRURO,Town,2009/2010,2009,1.73,4.11,2.38,24,,false
MIDDLETON,Town,2009/2010,2009,1.8,4.17,2.37,25,,false
PICTOU,Town,2009/2010,2009,2.06,4.4,2.34,26,,false
NEW GLASGOW,Town,2009/2010,2009,1.77,4.02,2.25,27,,false
BRIDGEWATER,Town,2009/2010,2009,1.63,3.72,2.09,28,,false
WOLFVILLE,Town,2009/2010,2009,1.4,3.49,2.09,28,,false
BERWICK,Town,2009/2010,2009,1.59,3.62,2.03,30,,false
LUNENBURG,Town,2009/2010,2009,1.3,3.3,2.0,31,,false
WINDSOR,Town,2009/2010,2009,1.9,3.9,2.0,31,,false
COUNTY RURAL,Halifax Regional,2009/2010,2009,1.23,3.22,1.99,33,,false
DIGBY,Town,2009/2010,2009,1.92,3.89,1.97,34,,false
KENTVILLE,Town,2009/2010,2009,1.29,3.23,1.94,35,,false
PARRSBORO,Town,2009/2010,2009,2.04,3.93,1.89,36,,false
EAST HANTS,Rural Municipality,2009/2010,2009,0.87,2.67,1.8,37,,false
BRIDGETOWN,Town,2009/2010,2009,1.85,3.63,1.78,38,,false
SHELBURNE,Town,2009/2010,2009,2.04,3.81,1.77,39,,false
GUYSBOROUGH,Rural Municipality,2009/2010,2009,0.59,2.35,1.76,40,,false
CANSO,Town,2009/2010,2009,2.35,4.08,1.73,41,,false
STELLARTON,Town,2009/2010,2009,1.82,3.55,1.73,41,,false
HANTSPORT,Town,2009/2010,2009,1.63,3.35,1.72,43,,false
MAHONE BAY,Town,2009/2010,2009,1.18,2.83,1.65,44,,false
WESTVILLE,Town,2009/2010,2009,2.13,3.75,1.62,45,,false
BARRINGTON,Rural Municipality,2009/2010,2009,1.06,2.63,1.57,46,,false
STEWIACKE,Town,2009/2010,2009,1.7,3.24,1.54,47,,false
ANTIGONISH,Town,2009/2010,2009,0.9,2.36,1.46,48,,false
CUMBERLAND,Rural Municipality,2009/2010,2009,1.04,2.47,1.43,49,,false
ANNAPOLIS ROYAL,Town,2009/2010,2009,1.65,3.05,1.4,50,,false
COLCHESTER,Rural Municipality,2009/2010,2009,0.79,2.1,1.31,51,,false
KINGS,Rural Municipality,2009/2010,2009,0.85,2.16,1.31,51,,false
ST. MARY'S,Rural Municipality,2009/2010,2009,0.81,2.12,1.31,51,,false
RICHMOND,Rural Municipality,2009/2010,2009,0.72,1.9,1.18,54,,false
ARGYLE,Rural Municipality,2009/2010,2009,1.07,2.2,1.13,55,,false
LUNENBURG,Rural Municipality,2009/2010,2009,0.79,1.92,1.13,55,,false
LIVERPOOL,Region of Queens,2009/2010,2009,1.85,2.96,1.11,57,,false
QUEENS COUNTY,Region of Queens,2009/2010,2009,0.88,1.99,1.11,57,,false
YARMOUTH,Rural Municipality,2009/2010,2009,1.15,2.15,1.0,59,,false
VICTORIA,Rural Municipality,2009/2010,2009,1.22,2.19,0.97,60,,false
CLARE,Rural Municipality,2009/2010,2009,1.02,1.96,0.94,61,,false
CHESTER,Rural Municipality,2009/2010,2009,0.61,1.51,0.9,62,,false
PICTOU,Rural Municipality,2009/2010,2009,0.81,1.71,0.9,62,,false
INVERNESS,Rural Municipality,2009/2010,2009,1.02,1.85,0.83,64,,false
ANNAPOLIS,Rural Municipality,2009/2010,2009,0.98,1.8,0.82,65,,false
WEST HANTS,Rural Municipality,2009/2010,2009,0.89,1.57,0.68,66,,false
ANTIGONISH,Rural Municipality,2009/2010,2009,0.88,1.48,0.6,67,,false
DIGBY,Rural Municipality,2009/2010,2009,1.3,1.85,0.55,68,,false
SHELBURNE,Rural Municipality,2009/2010,2009,1.3,1.82,0.52,69,,false
CLARK'S HARBOR,Town,2010/2011,2010,1.66,5.58,3.92,1,0.43,false
TRENTON,Town,2010/2011,2010,1.99,5.49,3.5,2,0.0,false
OXFORD,Town,2010/2011,2010,1.56,4.95,3.39,3,0.4,false
CITY OF SYDNEY,Cape Breton Regional,2010/2011,2010,2.19,5.56,3.37,4,0.25,false
SPRINGHILL,Town,2010/2011,2010,2.25,5.53,3.28,5,0.15,false
MULGRAVE,Town,2010/2011,2010,1.27,4.4,3.13,6,0.0,false
CAPE BRETON MUN-Suburban,Cape Breton Regional,2010/2011,2010,1.61,4.7,3.09,7,0.21,false
LOCKEPORT,Town,2010/2011,2010,2.23,5.31,3.08,8,0.01,false
SYDNEY MINES,Cape Breton Regional,2010/2011,2010,1.91,4.89,2.98,9,0.22,false
LOUISBOURG,Cape Breton Regional,2010/2011,2010,1.94,4.89,2.95,10,0.22,false
AMHERST,Town,2010/2011,2010,1.67,4.6,2.93,11,0.29,false
DOMINION,Cape Breton Regional,2010/2011,2010,1.99,4.89,2.9,12,0.22,false
NEW WATERFORD,Cape Breton Regional,2010/2011,2010,2.0,4.89,2.89,13,0.22,false
GLACE BAY,Cape Breton Regional,2010/2011,2010,2.01,4.89,2.88,14,0.22,false
NORTH SYDNEY,Cape Breton Regional,2010/2011,2010,2.03,4.89,2.86,15,0.22,false
YARMOUTH,Town,2010/2011,2010,1.75,4.52,2.77,16,0.31,false
TRURO,Town,2010/2011,2010,1.75,4.44,2.69,17,0.31,false
PORT HAWKESBURY,Town,2010/2011,2010,1.78,4.38,2.6,18,0.14,false
COUNTY SUBURBAN,Halifax Regional,2010/2011,2010,1.27,3.83,2.56,19,0.14,false
HALIFAX,Halifax Regional,2010/2011,2010,1.29,3.83,2.54,20,0.12,false
BEDFORD,Halifax Regional,2010/2011,2010,1.31,3.84,2.53,21,0.1,false
COUNTY URBAN,Halifax Regional,2010/2011,2010,1.31,3.84,2.53,21,0.12,false
DARTMOUTH,Halifax Regional,2010/2011,2010,1.31,3.84,2.53,21,0.11,false
HALIFAX URBAN CORE,Halifax Regional,2010/2011,2010,1.31,3.84,2.53,21,0.11,false
MIDDLETON,Town,2010/2011,2010,1.8,4.3,2.5,25,0.13,false
PICTOU,Town,2010/2011,2010,1.99,4.4,2.41,26,0.07,false
BRIDGEWATER,Town,2010/2011,2010,1.67,4.06,2.39,27,0.3,false
NEW GLASGOW,Town,2010/2011,2010,1.8,4.15,2.35,28,0.1,false
STELLARTON,Town,2010/2011,2010,1.82,4.15,2.33,29,0.6,false
BERWICK,Town,2010/2011,2010,1.61,3.88,2.27,30,0.24,false
COUNTY RURAL,Halifax Regional,2010/2011,2010,1.24,3.39,2.15,31,0.16,false
WOLFVILLE,Town,2010/2011,2010,1.43,3.57,2.14,32,0.05,false
PARRSBORO,Town,2010/2011,2010,2.04,4.17,2.13,33,0.24,false
WINDSOR,Town,2010/2011,2010,1.96,4.08,2.12,34,0.12,false
KENTVILLE,Town,2010/2011,2010,1.36,3.46,2.1,35,0.16,false
LUNENBURG,Town,2010/2011,2010,1.3,3.3,2.0,36,0.0,false
DIGBY,Town,2010/2011,2010,1.92,3.89,1.97,37,0.0,false
GUYSBOROUGH,Rural Municipality,2010/2011,2010,0.59,2.56,1.97,37,0.21,false
HANTSPORT,Town,2010/2011,2010,1.66,3.55,1.89,39,0.17,false
EAST HANTS,Rural Municipality,2010/2011,2010,0.9,2.7,1.8,40,0.0,false
BRIDGETOWN,Town,2010/2011,2010,1.85,3.63,1.78,41,0.0,false
MAHONE BAY,Town,2010/2011,2010,1.19,2.94,1.75,42,0.1,false
SHELBURNE,Town,2010/2011,2010,2.06,3.81,1.75,42,-0.02,false
CANSO,Town,2010/2011,2010,2.35,4.08,1.73,44,0.0,false
STEWIACKE,Town,2010/2011,2010,1.7,3.41,1.71,45,0.17,false
WESTVILLE,Town,2010/2011,2010,2.13,3.75,1.62,46,0.0,false
CUMBERLAND,Rural Municipality,2010/2011,2010,1.04,2.63,1.59,47,0.16,false
BARRINGTON,Rural Municipality,2010/2011,2010,1.06,2.63,1.57,48,0.0,false
ANTIGONISH,Town,2010/2011,2010,0.93,2.47,1.54,49,0.08,false
ANNAPOLIS ROYAL,Town,2010/2011,2010,1.7,3.15,1.45,50,0.05,false
KINGS,Rural Municipality,2010/2011,2010,0.85,2.29,1.44,51,0.13,false
COLCHESTER,Rural Municipality,2010/2011,2010,0.82,2.25,1.43,52,0.12,false
ST. MARY'S,Rural Municipality,2010/2011,2010,0.84,2.15,1.31,53,0.0,false
RICHMOND,Rural Municipality,2010/2011,2010,0.75,2.01,1.26,54,0.08,false
LUNENBURG,Rural Municipality,2010/2011,2010,0.81,2.06,1.25,55,0.12,false
ARGYLE,Rural Municipality,2010/2011,2010,1.07,2.25,1.18,56,0.05,false
LIVERPOOL,Region of Queens,2010/2011,2010,1.87,3.01,1.14,57,0.03,false
QUEENS COUNTY,Region of Queens,2010/2011,2010,0.9,2.04,1.14,57,0.03,false
CLARE,Rural Municipality,2010/2011,2010,1.02,2.07,1.05,59,0.11,false
PICTOU,Rural Municipality,2010/2011,2010,0.81,1.82,1.01,60,0.11,false
YARMOUTH,Rural Municipality,2010/2011,2010,1.15,2.15,1.0,61,0.0,false
VICTORIA,Rural Municipality,2010/2011,2010,1.22,2.19,0.97,62,0.0,false
CHESTER,Rural Municipality,2010/2011,2010,0.63,1.53,0.9,63,0.0,false
INVERNESS,Rural Municipality,2010/2011,2010,1.02,1.85,0.83,64,0.0,false
ANNAPOLIS,Rural Municipality,2010/2011,2010,0.98,1.8,0.82,65,0.0,false
WEST HANTS,Rural Municipality,2010/2011,2010,0.9,1.59,0.69,66,0.01,false
ANTIGONISH,Rural Municipality,2010/2011,2010,0.88,1.48,0.6,67,0.0,false
DIGBY,Rural Municipality,2010/2011,2010,1.3,1.85,0.55,68,0.0,false
SHELBURNE,Rural Municipality,2010/2011,2010,1.3,1.82,0.52,69,0.0,false
CLARK'S HARBOR,Town,2011/2012,2011,1.65,5.58,3.93,1,0.01,false
TRENTON,Town,2011/2012,2011,1.99,5.49,3.5,2,0.0,false
OXFORD,Town,2011/2012,2011,1.59,4.98,3.39,3,0.0,false
CITY OF SYDNEY,Cape Breton Regional,2011/2012,2011,2.22,5.59,3.37,4,0.0,false
SPRINGHILL,Town,2011/2012,2011,2.25,5.53,3.28,5,0.0,false
MULGRAVE,Town,2011/2012,2011,1.3,4.43,3.13,6,0.0,false
CAPE BRETON MUN-Suburban,Cape Breton Regional,2011/2012,2011,1.62,4.72,3.1,7,0.01,false
LOCKEPORT,Town,2011/2012,2011,2.28,5.36,3.08,8,0.0,false
SYDNEY MINES,Cape Breton Regional,2011/2012,2011,1.94,4.92,2.98,9,0.0,false
LOUISBOURG,Cape Breton Regional,2011/2012,2011,1.97,4.92,2.95,10,0.0,false
AMHERST,Town,2011/2012,2011,1.67,4.6,2.93,11,0.0,false
DOMINION,Cape Breton Regional,2011/2012,2011,2.02,4.92,2.9,12,0.0,false
NEW WATERFORD,Cape Breton Regional,2011/2012,2011,2.03,4.92,2.89,13,0.0,false
GLACE BAY,Cape Breton Regional,2011/2012,2011,2.04,4.92,2.88,14,0.0,false
NORTH SYDNEY,Cape Breton Regional,2011/2012,2011,2.06,4.92,2.86,15,0.0,false
YARMOUTH,Town,2011/2012,2011,1.75,4.52,2.77,16,0.0,false
TRURO,Town,2011/2012,2011,1.76,4.44,2.68,17,-0.01,false
PORT HAWKESBURY,Town,2011/2012,2011,1.62,4.25,2.63,18,0.03,false
NEW GLASGOW,Town,2011/2012,2011,1.82,4.4,2.58,19,0.23,false
COUNTY SUBURBAN,Halifax Regional,2011/2012,2011,1.25,3.78,2.53,20,-0.03,false
BEDFORD,Halifax Regional,2011/2012,2011,1.28,3.8,2.52,21,-0.01,false
COUNTY URBAN,Halifax Regional,2011/2012,2011,1.28,3.8,2.52,21,-0.01,false
DARTMOUTH,Halifax Regional,2011/2012,2011,1.28,3.8,2.52,21,-0.01,false
HALIFAX URBAN CORE,Halifax Regional,2011/2012,2011,1.28,3.8,2.52,21,-0.01,false
PICTOU,Town,2011/2012,2011,1.88,4.4,2.52,21,0.11,false
HALIFAX,Halifax Regional,2011/2012,2011,1.27,3.78,2.51,26,-0.03,false
MIDDLETON,Town,2011/2012,2011,1.8,4.3,2.5,27,0.0,false
BRIDGEWATER,Town,2011/2012,2011,1.67,4.06,2.39,28,0.0,false
STELLARTON,Town,2011/2012,2011,1.82,4.15,2.33,29,0.0,false
BERWICK,Town,2011/2012,2011,1.62,3.91,2.29,30,0.02,false
COUNTY RURAL,Halifax Regional,2011/2012,2011,1.22,3.37,2.15,31,0.0,false
PARRSBORO,Town,2011/2012,2011,2.04,4.17,2.13,32,0.0,false
KENTVILLE,Town,2011/2012,2011,1.36,3.48,2.12,33,0.02,false
WINDSOR,Town,2011/2012,2011,1.96,4.08,2.12,33,0.0,false
WOLFVILLE,Town,2011/2012,2011,1.43,3.55,2.12,33,-0.02,false
HANTSPORT,Town,2011/2012,2011,1.66,3.69,2.03,36,0.14,false
LUNENBURG,Town,2011/2012,2011,1.28,3.26,1.98,37,-0.02,false
DIGBY,Town,2011/2012,2011,1.92,3.89,1.97,38,0.0,false
GUYSBOROUGH,Rural Municipality,2011/2012,2011,0.61,2.58,1.97,38,0.0,false
EAST HANTS,Rural Municipality,2011/2012,2011,0.89,2.7,1.81,40,0.01,false
BRIDGETOWN,Town,2011/2012,2011,2.01,3.79,1.78,41,0.0,false
SHELBURNE,Town,2011/2012,2011,2.06,3.81,1.75,42,0.0,false
CANSO,Town,2011/2012,2011,2.35,4.08,1.73,43,0.0,false
MAHONE BAY,Town,2011/2012,2011,1.18,2.9,1.72,44,-0.03,false
STEWIACKE,Town,2011/2012,2011,1.7,3.41,1.71,45,0.0,false
WESTVILLE,Town,2011/2012,2011,2.13,3.8,1.67,46,0.05,false
CUMBERLAND,Rural Municipality,2011/2012,2011,1.04,2.63,1.59,47,0.0,false
BARRINGTON,Rural Municipality,2011/2012,2011,1.06,2.63,1.57,48,0.0,false
ANTIGONISH,Town,2011/2012,2011,0.97,2.5,1.53,49,-0.01,false
ANNAPOLIS ROYAL,Town,2011/2012,2011,1.7,3.15,1.45,50,0.0,false
KINGS,Rural Municipality,2011/2012,2011,0.85,2.29,1.44,51,0.0,false
COLCHESTER,Rural Municipality,2011/2012,2011,0.83,2.25,1.42,52,-0.01,false
ST. MARY'S,Rural Municipality,2011/2012,2011,0.82,2.13,1.31,53,0.0,false
RICHMOND,Rural Municipality,2011/2012,2011,0.75,2.01,1.26,54,0.0,false
LUNENBURG,Rural Municipality,2011/2012,2011,0.84,2.08,1.24,55,-0.01,false
ARGYLE,Rural Municipality,2011/2012,2011,1.07,2.25,1.18,56,0.0,false
LIVERPOOL,Region of Queens,2011/2012,2011,1.81,2.95,1.14,57,0.0,false
QUEENS COUNTY,Region of Queens,2011/2012,2011,0.9,2.04,1.14,57,0.0,false
CLARE,Rural Municipality,2011/2012,2011,1.02,2.07,1.05,59,0.0,false
PICTOU,Rural Municipality,2011/2012,2011,0.81,1.82,1.01,60,0.0,false
YARMOUTH,Rural Municipality,2011/2012,2011,1.15,2.15,1.0,61,0.0,false
VICTORIA,Rural Municipality,2011/2012,2011,1.22,2.19,0.97,62,0.0,false
CHESTER,Rural Municipality,2011/2012,2011,0.64,1.54,0.9,63,0.0,false
INVERNESS,Rural Municipality,2011/2012,2011,1.02,1.85,0.83,64,0.0,false
ANNAPOLIS,Rural Municipality,2011/2012,2011,0.98,1.8,0.82,65,0.0,false
WEST HANTS,Rural Municipality,2011/2012,2011,0.91,1.6,0.69,66,0.0,false
ANTIGONISH,Rural Municipality,2011/2012,2011,0.88,1.48,0.6,67,0.0,false
DIGBY,Rural Municipality,2011/2012,2011,1.3,1.85,0.55,68,0.0,false
SHELBURNE,Rural Municipality,2011/2012,2011,1.28,1.82,0.54,69,0.02,false
CLARK'S HARBOR,Town,2012/2013,2012,1.65,5.58,3.93,1,0.0,false
TRENTON,Town,2012/2013,2012,1.99,5.49,3.5,2,0.0,false
OXFORD,Town,2012/2013,2012,1.59,4.98,3.39,3,0.0,false
CITY OF SYDNEY,Cape Breton Regional,2012/2013,2012,2.25,5.62,3.37,4,0.0,false
SPRINGHILL,Town,2012/2013,2012,2.25,5.53,3.28,5,0.0,false
MULGRAVE,Town,2012/2013,2012,1.28,4.42,3.14,6,0.01,false
CAPE BRETON MUN-Suburban,Cape Breton Regional,2012/2013,2012,1.64,4.74,3.1,7,0.0,false
LOCKEPORT,Town,2012/2013,2012,2.28,5.36,3.08,8,0.0,false
SYDNEY MINES,Cape Breton Regional,2012/2013,2012,1.97,4.95,2.98,9,0.0,false
LOUISBOURG,Cape Breton Regional,2012/2013,2012,2.0,4.95,2.95,10,0.0,false
DOMINION,Cape Breton Regional,2012/2013,2012,2.05,4.95,2.9,11,0.0,false
AMHERST,Town,2012/2013,2012,1.66,4.55,2.89,12,-0.04,false
NEW WATERFORD,Cape Breton Regional,2012/2013,2012,2.06,4.95,2.89,12,0.0,false
GLACE BAY,Cape Breton Regional,2012/2013,2012,2.08,4.95,2.87,14,-0.01,false
NORTH SYDNEY,Cape Breton Regional,2012/2013,2012,2.09,4.95,2.86,15,0.0,false
YARMOUTH,Town,2012/2013,2012,1.75,4.52,2.77,16,0.0,false
TRURO,Town,2012/2013,2012,1.76,4.44,2.68,17,0.0,false
PORT HAWKESBURY,Town,2012/2013,2012,1.62,4.27,2.65,18,0.02,false
NEW GLASGOW,Town,2012/2013,2012,1.82,4.4,2.58,19,0.0,false
PICTOU,Town,2012/2013,2012,1.86,4.39,2.53,20,0.01,false
MIDDLETON,Town,2012/2013,2012,1.78,4.26,2.48,21,-0.02,false
COUNTY SUBURBAN,Halifax Regional,2012/2013,2012,1.21,3.6,2.39,22,-0.14,false
HALIFAX,Halifax Regional,2012/2013,2012,1.22,3.6,2.38,23,-0.13,false
BEDFORD,Halifax Regional,2012/2013,2012,1.24,3.61,2.37,24,-0.15,false
COUNTY URBAN,Halifax Regional,2012/2013,2012,1.24,3.61,2.37,24,-0.15,false
DARTMOUTH,Halifax Regional,2012/2013,2012,1.24,3.61,2.37,24,-0.15,false
HALIFAX URBAN CORE,Halifax Regional,2012/2013,2012,1.24,3.61,2.37,24,-0.15,false
BRIDGEWATER,Town,2012/2013,2012,1.65,3.99,2.34,28,-0.05,false
STELLARTON,Town,2012/2013,2012,1.82,4.15,2.33,29,0.0,false
BERWICK,Town,2012/2013,2012,1.59,3.88,2.29,30,0.0,false
HANTSPORT,Town,2012/2013,2012,1.69,3.85,2.16,31,0.13,false
PARRSBORO,Town,2012/2013,2012,2.0,4.15,2.15,32,0.02,false
WINDSOR,Town,2012/2013,2012,1.96,4.08,2.12,33,0.0,false
WOLFVILLE,Town,2012/2013,2012,1.43,3.55,2.12,33,0.0,false
KENTVILLE,Town,2012/2013,2012,1.36,3.47,2.11,35,-0.01,false
DIGBY,Town,2012/2013,2012,1.94,3.99,2.05,36,0.08,false
COUNTY RURAL,Halifax Regional,2012/2013,2012,1.17,3.17,2.0,37,-0.15,false
LUNENBURG,Town,2012/2013,2012,1.21,3.19,1.98,38,0.0,false
GUYSBOROUGH,Rural Municipality,2012/2013,2012,0.61,2.58,1.97,39,0.0,false
EAST HANTS,Rural Municipality,2012/2013,2012,0.88,2.71,1.83,40,0.02,false
BRIDGETOWN,Town,2012/2013,2012,2.1,3.9,1.8,41,0.02,false
SHELBURNE,Town,2012/2013,2012,2.06,3.81,1.75,42,0.0,false
CANSO,Town,2012/2013,2012,2.35,4.08,1.73,43,0.0,false
MAHONE BAY,Town,2012/2013,2012,1.15,2.88,1.73,43,0.01,false
STEWIACKE,Town,2012/2013,2012,1.7,3.41,1.71,45,0.0,false
WESTVILLE,Town,2012/2013,2012,2.09,3.8,1.71,45,0.04,false
CUMBERLAND,Rural Municipality,2012/2013,2012,1.04,2.63,1.59,47,0.0,false
BARRINGTON,Rural Municipality,2012/2013,2012,1.06,2.63,1.57,48,0.0,false
ANTIGONISH,Town,2012/2013,2012,1.0,2.53,1.53,49,0.0,false
ANNAPOLIS ROYAL,Town,2012/2013,2012,1.7,3.15,1.45,50,0.0,false
KINGS,Rural Municipality,2012/2013,2012,0.85,2.29,1.44,51,0.0,false
COLCHESTER,Rural Municipality,2012/2013,2012,0.84,2.25,1.41,52,-0.01,false
ST. MARY'S,Rural Municipality,2012/2013,2012,0.82,2.13,1.31,53,0.0,false
RICHMOND,Rural Municipality,2012/2013,2012,0.75,2.01,1.26,54,0.0,false
ARGYLE,Rural Municipality,2012/2013,2012,1.07,2.25,1.18,55,0.0,false
LIVERPOOL,Region of Queens,2012/2013,2012,1.84,2.98,1.14,56,0.0,false
LUNENBURG,Rural Municipality,2012/2013,2012,0.84,1.98,1.14,56,-0.1,false
QUEENS COUNTY,Region of Queens,2012/2013,2012,0.93,2.07,1.14,56,0.0,false
CLARE,Rural Municipality,2012/2013,2012,1.02,2.07,1.05,59,0.0,false
PICTOU,Rural Municipality,2012/2013,2012,0.81,1.82,1.01,60,0.0,false
YARMOUTH,Rural Municipality,2012/2013,2012,1.15,2.15,1.0,61,0.0,false
VICTORIA,Rural Municipality,2012/2013,2012,1.2,2.15,0.95,62,-0.02,false
CHESTER,Rural Municipality,2012/2013,2012,0.64,1.54,0.9,63,0.0,false
INVERNESS,Rural Municipality,2012/2013,2012,1.02,1.85,0.83,64,0.0,false
ANNAPOLIS,Rural Municipality,2012/2013,2012,0.98,1.8,0.82,65,0.0,false
WEST HANTS,Rural Municipality,2012/2013,2012,0.94,1.68,0.74,66,0.05,false
ANTIGONISH,Rural Municipality,2012/2013,2012,0.88,1.48,0.6,67,0.0,false
DIGBY,Rural Municipality,2012/2013,2012,1.3,1.85,0.55,68,0.0,false
SHELBURNE,Rural Municipality,2012/2013,2012,1.28,1.82,0.54,69,0.0,false
CLARK'S HARBOR,Town,2013/2014,2013,1.65,5.58,3.93,1,0.0,false
TRENTON,Town,2013/2014,2013,1.99,5.49,3.5,2,0.0,false
OXFORD,Town,2013/2014,2013,1.59,4.98,3.39,3,0.0,false
CITY OF SYDNEY,Cape Breton Regional,2013/2014,2013,2.28,5.65,3.37,4,0.0,false
SPRINGHILL,Town,2013/2014,2013,2.25,5.53,3.28,5,0.0,false
MULGRAVE,Town,2013/2014,2013,1.29,4.43,3.14,6,0.0,false
CAPE BRETON MUN-Suburban,Cape Breton Regional,2013/2014,2013,1.66,4.76,3.1,7,0.0,false
LOCKEPORT,Town,2013/2014,2013,2.28,5.36,3.08,8,0.0,false
SYDNEY MINES,Cape Breton Regional,2013/2014,2013,2.0,4.98,2.98,9,0.0,false
LOUISBOURG,Cape Breton Regional,2013/2014,2013,2.03,4.98,2.95,10,0.0,false
DOMINION,Cape Breton Regional,2013/2014,2013,2.08,4.98,2.9,11,0.0,false
NEW WATERFORD,Cape Breton Regional,2013/2014,2013,2.09,4.98,2.89,12,0.0,false
GLACE BAY,Cape Breton Regional,2013/2014,2013,2.1,4.98,2.88,13,0.01,false
NORTH SYDNEY,Cape Breton Regional,2013/2014,2013,2.12,4.98,2.86,14,0.0,false
AMHERST,Town,2013/2014,2013,1.63,4.45,2.82,15,-0.07,false
YARMOUTH,Town,2013/2014,2013,1.74,4.51,2.77,16,0.0,false
TRURO,Town,2013/2014,2013,1.77,4.45,2.68,17,0.0,false
PORT HAWKESBURY,Town,2013/2014,2013,1.78,4.38,2.6,18,-0.05,false
NEW GLASGOW,Town,2013/2014,2013,1.82,4.4,2.58,19,0.0,false
PICTOU,Town,2013/2014,2013,1.86,4.39,2.53,20,0.0,false
MIDDLETON,Town,2013/2014,2013,1.78,4.26,2.48,21,0.0,false
BEDFORD,Halifax Regional,2013/2014,2013,1.21,3.55,2.34,22,-0.03,false
BRIDGEWATER,Town,2013/2014,2013,1.65,3.99,2.34,22,0.0,false
COUNTY URBAN,Halifax Regional,2013/2014,2013,1.21,3.55,2.34,22,-0.03,false
DARTMOUTH,Halifax Regional,2013/2014,2013,1.21,3.55,2.34,22,-0.03,false
HALIFAX URBAN CORE,Halifax Regional,2013/2014,2013,1.21,3.55,2.34,22,-0.03,false
STELLARTON,Town,2013/2014,2013,1.82,4.15,2.33,27,0.0,false
BERWICK,Town,2013/2014,2013,1.51,3.8,2.29,28,0.0,false
DIGBY,Town,2013/2014,2013,1.99,4.18,2.19,29,0.14,false
HANTSPORT,Town,2013/2014,2013,1.69,3.85,2.16,30,0.0,false
PARRSBORO,Town,2013/2014,2013,1.99,4.13,2.14,31,-0.01,false
WINDSOR,Town,2013/2014,2013,1.96,4.08,2.12,32,0.0,false
WOLFVILLE,Town,2013/2014,2013,1.43,3.55,2.12,32,0.0,false
COUNTY RURAL,Halifax Regional,2013/2014,2013,1.16,3.2,2.04,34,0.04,false
KENTVILLE,Town,2013/2014,2013,1.37,3.38,2.01,35,-0.1,false
LUNENBURG,Town,2013/2014,2013,1.28,3.26,1.98,36,0.0,false
GUYSBOROUGH,Rural Municipality,2013/2014,2013,0.61,2.58,1.97,37,0.0,false
EAST HANTS,Rural Municipality,2013/2014,2013,0.87,2.7,1.83,38,0.0,false
SHELBURNE,Town,2013/2014,2013,2.04,3.86,1.82,39,0.07,false
BRIDGETOWN,Town,2013/2014,2013,2.13,3.93,1.8,40,0.0,false
MAHONE BAY,Town,2013/2014,2013,1.15,2.91,1.76,41,0.03,false
STEWIACKE,Town,2013/2014,2013,1.7,3.41,1.71,42,0.0,false
WESTVILLE,Town,2013/2014,2013,2.08,3.69,1.61,43,-0.1,false
CUMBERLAND,Rural Municipality,2013/2014,2013,1.04,2.63,1.59,44,0.0,false
BARRINGTON,Rural Municipality,2013/2014,2013,1.06,2.62,1.56,45,-0.01,false
ANTIGONISH,Town,2013/2014,2013,1.0,2.53,1.53,46,0.0,false
ANNAPOLIS ROYAL,Town,2013/2014,2013,1.65,3.15,1.5,47,0.05,false
KINGS,Rural Municipality,2013/2014,2013,0.85,2.29,1.44,48,0.0,false
COLCHESTER,Rural Municipality,2013/2014,2013,0.84,2.25,1.41,49,0.0,false
ST. MARY'S,Rural Municipality,2013/2014,2013,0.82,2.13,1.31,50,0.0,false
RICHMOND,Rural Municipality,2013/2014,2013,0.77,2.07,1.3,51,0.04,false
ARGYLE,Rural Municipality,2013/2014,2013,1.07,2.25,1.18,52,0.0,false
LUNENBURG,Rural Municipality,2013/2014,2013,0.81,1.96,1.15,53,0.01,false
LIVERPOOL,Region of Queens,2013/2014,2013,1.86,2.96,1.1,54,-0.04,false
QUEENS COUNTY,Region of Queens,2013/2014,2013,0.97,2.07,1.1,54,-0.04,false
CLARE,Rural Municipality,2013/2014,2013,1.02,2.07,1.05,56,0.0,false
PICTOU,Rural Municipality,2013/2014,2013,0.81,1.82,1.01,57,0.0,false
YARMOUTH,Rural Municipality,2013/2014,2013,1.15,2.15,1.0,58,0.0,false
VICTORIA,Rural Municipality,2013/2014,2013,1.2,2.1,0.9,59,-0.05,false
CHESTER,Rural Municipality,2013/2014,2013,0.66,1.53,0.87,60,-0.03,false
INVERNESS,Rural Municipality,2013/2014,2013,1.02,1.85,0.83,61,0.0,false
ANNAPOLIS,Rural Municipality,2013/2014,2013,0.98,1.8,0.82,62,0.0,false
WEST HANTS,Rural Municipality,2013/2014,2013,0.92,1.68,0.76,63,0.02,false
ANTIGONISH,Rural Municipality,2013/2014,2013,0.88,1.46,0.58,64,-0.02,false
DIGBY,Rural Municipality,2013/2014,2013,1.3,1.85,0.55,65,0.0,false
SHELBURNE,Rural Municipality,2013/2014,2013,1.28,1.82,0.54,66,0.0,false
CLARK'S HARBOR,Town,2014/2015,2014,1.65,5.58,3.93,1,0.0,false
TRENTON,Town,2014/2015,2014,1.99,5.49,3.5,2,0.0,false
OXFORD,Town,2014/2015,2014,1.6,4.99,3.39,3,0.0,false
CITY OF SYDNEY,Cape Breton Regional,2014/2015,2014,2.26,5.63,3.37,4,0.0,false
SPRINGHILL,Town,2014/2015,2014,2.25,5.53,3.28,5,0.0,false
LOUISBOURG,Cape Breton Regional,2014/2015,2014,2.01,5.25,3.24,6,0.29,false
NEW WATERFORD,Cape Breton Regional,2014/2015,2014,2.07,5.22,3.15,7,0.26,false
GLACE BAY,Cape Breton Regional,2014/2015,2014,2.08,5.22,3.14,8,0.26,false
SYDNEY MINES,Cape Breton Regional,2014/2015,2014,1.98,5.12,3.14,8,0.16,false
CAPE BRETON MUN-Suburban,Cape Breton Regional,2014/2015,2014,1.92,5.05,3.13,10,0.03,false
DOMINION,Cape Breton Regional,2014/2015,2014,2.06,5.19,3.13,10,0.23,false
MULGRAVE,Town,2014/2015,2014,1.26,4.39,3.13,10,-0.01,false
NORTH SYDNEY,Cape Breton Regional,2014/2015,2014,2.1,5.23,3.13,10,0.27,false
LOCKEPORT,Town,2014/2015,2014,2.28,5.36,3.08,14,0.0,false
AMHERST,Town,2014/2015,2014,1.63,4.45,2.82,15,0.0,false
YARMOUTH,Town,2014/2015,2014,1.74,4.45,2.71,16,-0.06,false
PICTOU,Town,2014/2015,2014,1.63,4.33,2.7,17,0.17,false
TRURO,Town,2014/2015,2014,1.78,4.46,2.68,18,0.0,false
NEW GLASGOW,Town,2014/2015,2014,1.82,4.4,2.58,19,0.0,false
PORT HAWKESBURY,Town,2014/2015,2014,1.8,4.38,2.58,19,-0.02,false
MIDDLETON,Town,2014/2015,2014,1.79,4.27,2.48,21,0.0,false
BRIDGEWATER,Town,2014/2015,2014,1.65,3.99,2.34,22,0.0,false
STELLARTON,Town,2014/2015,2014,1.82,4.15,2.33,23,0.0,false
BERWICK,Town,2014/2015,2014,1.2,3.49,2.29,24,0.0,false
COUNTY SUBURBAN,Halifax Regional,2014/2015,2014,1.18,3.4,2.22,25,-0.17,false
BEDFORD,Halifax Regional,2014/2015,2014,1.21,3.4,2.19,26,-0.15,false
COUNTY URBAN,Halifax Regional,2014/2015,2014,1.21,3.4,2.19,26,-0.15,false
DARTMOUTH,Halifax Regional,2014/2015,2014,1.21,3.4,2.19,26,-0.15,false
DIGBY,Town,2014/2015,2014,1.99,4.18,2.19,26,0.0,false
HALIFAX URBAN CORE,Halifax Regional,2014/2015,2014,1.21,3.4,2.19,26,-0.15,false
PARRSBORO,Town,2014/2015,2014,1.8,3.99,2.19,26,0.05,false
HANTSPORT,Town,2014/2015,2014,1.66,3.82,2.16,32,0.0,false
WOLFVILLE,Town,2014/2015,2014,1.43,3.55,2.12,33,0.0,false
WINDSOR,Town,2014/2015,2014,1.9,3.99,2.09,34,-0.03,false
LUNENBURG,Town,2014/2015,2014,1.29,3.28,1.99,35,0.01,false
KENTVILLE,Town,2014/2015,2014,1.38,3.36,1.98,36,-0.03,false
GUYSBOROUGH,Rural Municipality,2014/2015,2014,0.61,2.58,1.97,37,0.0,false
COUNTY RURAL,Halifax Regional,2014/2015,2014,1.15,3.0,1.85,38,-0.19,false
EAST HANTS,Rural Municipality,2014/2015,2014,0.87,2.7,1.83,39,0.0,false
SHELBURNE,Town,2014/2015,2014,2.04,3.86,1.82,40,0.0,false
BRIDGETOWN,Town,2014/2015,2014,2.13,3.93,1.8,41,0.0,false
MAHONE BAY,Town,2014/2015,2014,1.15,2.91,1.76,42,0.0,false
STEWIACKE,Town,2014/2015,2014,1.7,3.41,1.71,43,0.0,false
WESTVILLE,Town,2014/2015,2014,2.08,3.69,1.61,44,0.0,false
CUMBERLAND,Rural Municipality,2014/2015,2014,1.04,2.63,1.59,45,0.0,false
BARRINGTON,Rural Municipality,2014/2015,2014,1.0,2.55,1.55,46,-0.01,false
ANTIGONISH,Town,2014/2015,2014,1.02,2.55,1.53,47,0.0,false
ANNAPOLIS ROYAL,Town,2014/2015,2014,1.65,3.15,1.5,48,0.0,false
KINGS,Rural Municipality,2014/2015,2014,0.85,2.29,1.44,49,0.0,false
COLCHESTER,Rural Municipality,2014/2015,2014,0.85,2.25,1.4,50,-0.01,false
ST. MARY'S,Rural Municipality,2014/2015,2014,0.84,2.15,1.31,51,0.0,false
RICHMOND,Rural Municipality,2014/2015,2014,0.77,2.07,1.3,52,0.0,false
ARGYLE,Rural Municipality,2014/2015,2014,1.07,2.25,1.18,53,0.0,false
LUNENBURG,Rural Municipality,2014/2015,2014,0.81,1.96,1.15,54,0.0,false
LIVERPOOL,Region of Queens,2014/2015,2014,1.85,2.95,1.1,55,0.0,false
QUEENS COUNTY,Region of Queens,2014/2015,2014,0.97,2.07,1.1,55,0.0,false
CLARE,Rural Municipality,2014/2015,2014,1.04,2.07,1.03,57,-0.02,false
PICTOU,Rural Municipality,2014/2015,2014,0.81,1.82,1.01,58,0.0,false
YARMOUTH,Rural Municipality,2014/2015,2014,1.16,2.15,0.99,59,-0.01,false
VICTORIA,Rural Municipality,2014/2015,2014,1.2,2.1,0.9,60,0.0,false
CHESTER,Rural Municipality,2014/2015,2014,0.69,1.53,0.84,61,-0.03,false
INVERNESS,Rural Municipality,2014/2015,2014,1.02,1.85,0.83,62,0.0,false
ANNAPOLIS,Rural Municipality,2014/2015,2014,0.98,1.8,0.82,63,0.0,false
WEST HANTS,Rural Municipality,2014/2015,2014,0.97,1.75,0.78,64,0.02,false
ANTIGONISH,Rural Municipality,2014/2015,2014,0.88,1.46,0.58,65,0.0,false
SHELBURNE,Rural Municipality,2014/2015,2014,1.26,1.82,0.56,66,0.02,false
DIGBY,Rural Municipality,2014/2015,2014,1.3,1.85,0.55,67,0.0,false
CLARK'S HARBOR,Town,2015/2016,2015,1.65,5.58,3.93,1,0.0,false
TRENTON,Town,2015/2016,2015,1.99,5.44,3.45,2,-0.05,false
OXFORD,Town,2015/2016,2015,1.59,4.98,3.39,3,0.0,false
CITY OF SYDNEY,Cape Breton Regional,2015/2016,2015,2.26,5.63,3.37,4,0.0,false
LOUISBOURG,Cape Breton Regional,2015/2016,2015,2.01,5.25,3.24,5,0.0,false
NEW WATERFORD,Cape Breton Regional,2015/2016,2015,2.07,5.22,3.15,6,0.0,false
GLACE BAY,Cape Breton Regional,2015/2016,2015,2.08,5.22,3.14,7,0.0,false
SYDNEY MINES,Cape Breton Regional,2015/2016,2015,1.98,5.12,3.14,7,0.0,false
CAPE BRETON MUN-Suburban,Cape Breton Regional,2015/2016,2015,1.92,5.05,3.13,9,0.0,false
DOMINION,Cape Breton Regional,2015/2016,2015,2.06,5.19,3.13,9,0.0,false
MULGRAVE,Town,2015/2016,2015,1.29,4.42,3.13,9,0.0,false
NORTH SYDNEY,Cape Breton Regional,2015/2016,2015,2.1,5.23,3.13,9,0.0,false
LOCKEPORT,Town,2015/2016,2015,2.31,5.39,3.08,13,0.0,false
AMHERST,Town,2015/2016,2015,1.63,4.45,2.82,14,0.0,false
PICTOU,Town,2015/2016,2015,1.63,4.33,2.7,15,0.0,false
YARMOUTH,Town,2015/2016,2015,1.71,4.39,2.68,16,-0.03,false
TRURO,Town,2015/2016,2015,1.8,4.47,2.67,17,-0.01,false
NEW GLASGOW,Town,2015/2016,2015,1.82,4.4,2.58,18,0.0,false
PORT HAWKESBURY,Town,2015/2016,2015,1.8,4.38,2.58,18,0.0,false
MIDDLETON,Town,2015/2016,2015,1.81,4.29,2.48,20,0.0,false
BRIDGEWATER,Town,2015/2016,2015,1.65,3.99,2.34,21,0.0,false
STELLARTON,Town,2015/2016,2015,1.82,4.15,2.33,22,0.0,false
BERWICK,Town,2015/2016,2015,1.21,3.5,2.29,23,0.0,false
DIGBY,Town,2015/2016,2015,1.99,4.18,2.19,24,0.0,false
COUNTY SUBURBAN,Halifax Regional,2015/2016,2015,1.18,3.36,2.18,25,-0.04,false
HANTSPORT,Town,2015/2016,2015,1.66,3.82,2.16,26,0.0,false
BEDFORD,Halifax Regional,2015/2016,2015,1.21,3.36,2.15,27,-0.04,false
COUNTY URBAN,Halifax Regional,2015/2016,2015,1.21,3.36,2.15,27,-0.04,false
DARTMOUTH,Halifax Regional,2015/2016,2015,1.21,3.36,2.15,27,-0.04,false
HALIFAX URBAN CORE,Halifax Regional,2015/2016,2015,1.21,3.36,2.15,27,-0.04,false
WOLFVILLE,Town,2015/2016,2015,1.43,3.55,2.12,31,0.0,false
PARRSBORO,Town,2015/2016,2015,1.75,3.85,2.1,32,-0.09,false
WINDSOR,Town,2015/2016,2015,1.9,3.99,2.09,33,0.0,false
GUYSBOROUGH,Rural Municipality,2015/2016,2015,0.61,2.58,1.97,34,0.0,false
LUNENBURG,Town,2015/2016,2015,1.31,3.28,1.97,34,-0.02,false
KENTVILLE,Town,2015/2016,2015,1.37,3.33,1.96,36,-0.02,false
EAST HANTS,Rural Municipality,2015/2016,2015,0.86,2.7,1.84,37,0.01,false
COUNTY RURAL,Halifax Regional,2015/2016,2015,1.16,2.98,1.82,38,-0.03,false
SHELBURNE,Town,2015/2016,2015,2.04,3.86,1.82,38,0.0,false
STEWIACKE,Town,2015/2016,2015,1.67,3.46,1.79,40,0.08,false
MAHONE BAY,Town,2015/2016,2015,1.11,2.86,1.75,41,-0.01,false
WESTVILLE,Town,2015/2016,2015,2.08,3.69,1.61,42,0.0,false
CUMBERLAND,Rural Municipality,2015/2016,2015,1.04,2.63,1.59,43,0.0,false
BARRINGTON,Rural Municipality,2015/2016,2015,1.0,2.55,1.55,44,0.0,false
ANTIGONISH,Town,2015/2016,2015,1.04,2.57,1.53,45,0.0,false
ANNAPOLIS ROYAL,Town,2015/2016,2015,1.65,3.15,1.5,46,0.0,false
KINGS,Rural Municipality,2015/2016,2015,0.85,2.29,1.44,47,0.0,false
COLCHESTER,Rural Municipality,2015/2016,2015,0.85,2.25,1.4,48,0.0,false
ST. MARY'S,Rural Municipality,2015/2016,2015,0.87,2.18,1.31,49,0.0,false
RICHMOND,Rural Municipality,2015/2016,2015,0.78,2.08,1.3,50,0.0,false
ARGYLE,Rural Municipality,2015/2016,2015,1.07,2.25,1.18,51,0.0,false
LUNENBURG,Rural Municipality,2015/2016,2015,0.81,1.96,1.15,52,0.0,false
LIVERPOOL,Region of Queens,2015/2016,2015,1.87,2.95,1.08,53,-0.02,false
QUEENS COUNTY,Region of Queens,2015/2016,2015,0.99,2.07,1.08,53,-0.02,false
CLARE,Rural Municipality,2015/2016,2015,1.04,2.07,1.03,55,0.0,false
PICTOU,Rural Municipality,2015/2016,2015,0.81,1.82,1.01,56,0.0,false
YARMOUTH,Rural Municipality,2015/2016,2015,1.16,2.15,0.99,57,0.0,false
VICTORIA,Rural Municipality,2015/2016,2015,1.2,2.1,0.9,58,0.0,false
CHESTER,Rural Municipality,2015/2016,2015,0.69,1.53,0.84,59,0.0,false
INVERNESS,Rural Municipality,2015/2016,2015,1.02,1.85,0.83,60,0.0,false
ANNAPOLIS,Rural Municipality,2015/2016,2015,0.98,1.8,0.82,61,0.0,false
WEST HANTS,Rural Municipality,2015/2016,2015,1.01,1.8,0.79,62,0.01,false
ANTIGONISH,Rural Municipality,2015/2016,2015,0.88,1.46,0.58,63,0.0,false
SHELBURNE,Rural Municipality,2015/2016,2015,1.26,1.82,0.56,64,0.0,false
DIGBY,Rural Municipality,2015/2016,2015,1.3,1.85,0.55,65,0.0,false
CLARK'S HARBOR,Town,2016/2017,2016,1.65,5.58,3.93,1,0.0,false
TRENTON,Town,2016/2017,2016,1.99,5.44,3.45,2,0.0,false
OXFORD,Town,2016/2017,2016,1.59,4.98,3.39,3,0.0,false
CITY OF SYDNEY,Cape Breton Regional,2016/2017,2016,2.256,5.627,3.371,4,0.001,false
LOUISBOURG,Cape Breton Regional,2016/2017,2016,2.02,5.26,3.24,5,0.0,false
CAPE BRETON MUN-Suburban,Cape Breton Regional,2016/2017,2016,1.67,4.85,3.18,6,0.05,false
NEW WATERFORD,Cape Breton Regional,2016/2017,2016,2.07,5.216,3.146,7,-0.004,false
GLACE BAY,Cape Breton Regional,2016/2017,2016,2.09,5.23,3.14,8,0.0,false
NORTH SYDNEY,Cape Breton Regional,2016/2017,2016,2.096,5.232,3.136,9,0.006,false
SYDNEY MINES,Cape Breton Regional,2016/2017,2016,1.981,5.117,3.136,9,-0.004,false
DOMINION,Cape Breton Regional,2016/2017,2016,2.07,5.2,3.13,11,0.0,false
MULGRAVE,Town,2016/2017,2016,1.24,4.37,3.13,11,0.0,false
LOCKEPORT,Town,2016/2017,2016,2.31,5.39,3.08,13,0.0,false
AMHERST,Town,2016/2017,2016,1.63,4.45,2.82,14,0.0,false
PICTOU,Town,2016/2017,2016,1.64,4.34,2.7,15,0.0,false
TRURO,Town,2016/2017,2016,1.82,4.48,2.66,16,-0.01,false
YARMOUTH,Town,2016/2017,2016,1.67,4.31,2.64,17,-0.04,false
NEW GLASGOW,Town,2016/2017,2016,1.82,4.4,2.58,18,0.0,false
PORT HAWKESBURY,Town,2016/2017,2016,1.8,4.38,2.58,18,0.0,false
MIDDLETON,Town,2016/2017,2016,1.82,4.3,2.48,20,0.0,false
BRIDGEWATER,Town,2016/2017,2016,1.65,3.99,2.34,21,0.0,false
STELLARTON,Town,2016/2017,2016,1.82,4.15,2.33,22,0.0,false
BERWICK,Town,2016/2017,2016,1.199,3.491,2.292,23,0.002,false
DIGBY,Town,2016/2017,2016,1.99,4.24,2.25,24,0.06,false
WOLFVILLE,Town,2016/2017,2016,1.44,3.56,2.12,25,0.0,false
COUNTY SUBURBAN,Halifax Regional,2016/2017,2016,1.18,3.29,2.11,26,-0.07,false
PARRSBORO,Town,2016/2017,2016,1.75,3.85,2.1,27,0.0,false
WINDSOR,Town,2016/2017,2016,1.9,3.99,2.09,28,0.0,false
BEDFORD,Halifax Regional,2016/2017,2016,1.21,3.29,2.08,29,-0.07,false
COUNTY URBAN,Halifax Regional,2016/2017,2016,1.21,3.29,2.08,29,-0.07,false
DARTMOUTH,Halifax Regional,2016/2017,2016,1.21,3.29,2.08,29,-0.07,false
HALIFAX URBAN CORE,Halifax Regional,2016/2017,2016,1.21,3.29,2.08,29,-0.07,false
GUYSBOROUGH,Rural Municipality,2016/2017,2016,0.61,2.58,1.97,33,0.0,false
LUNENBURG,Town,2016/2017,2016,1.31,3.28,1.97,33,0.0,false
KENTVILLE,Town,2016/2017,2016,1.39,3.33,1.94,35,-0.02,false
EAST HANTS,Rural Municipality,2016/2017,2016,0.87,2.71,1.84,36,0.0,false
SHELBURNE,Town,2016/2017,2016,2.04,3.86,1.82,37,0.0,false
MAHONE BAY,Town,2016/2017,2016,1.16,2.95,1.79,38,0.04,false
STEWIACKE,Town,2016/2017,2016,1.67,3.46,1.79,38,0.0,false
COUNTY RURAL,Halifax Regional,2016/2017,2016,1.16,2.93,1.77,40,-0.05,false
WESTVILLE,Town,2016/2017,2016,2.08,3.69,1.61,41,0.0,false
CUMBERLAND,Rural Municipality,2016/2017,2016,1.04,2.63,1.59,42,0.0,false
BARRINGTON,Rural Municipality,2016/2017,2016,1.0,2.55,1.55,43,0.0,false
ANTIGONISH,Town,2016/2017,2016,1.06,2.58,1.52,44,-0.01,false
ANNAPOLIS ROYAL,Town,2016/2017,2016,1.65,3.15,1.5,45,0.0,false
KINGS,Rural Municipality,2016/2017,2016,0.85,2.29,1.44,46,0.0,false
COLCHESTER,Rural Municipality,2016/2017,2016,0.87,2.27,1.4,47,0.0,false
ST. MARY'S,Rural Municipality,2016/2017,2016,0.89,2.2,1.31,48,0.0,false
RICHMOND,Rural Municipality,2016/2017,2016,0.8,2.1,1.3,49,0.0,false
ARGYLE,Rural Municipality,2016/2017,2016,1.07,2.25,1.18,50,0.0,false
LUNENBURG,Rural Municipality,2016/2017,2016,0.81,1.96,1.15,51,0.0,false
LIVERPOOL,Region of Queens,2016/2017,2016,1.9,3.0,1.1,52,0.02,false
QUEENS COUNTY,Region of Queens,2016/2017,2016,1.02,2.12,1.1,52,0.02,false
CLARE,Rural Municipality,2016/2017,2016,1.04,2.07,1.03,54,0.0,false
PICTOU,Rural Municipality,2016/2017,2016,0.81,1.82,1.01,55,0.0,false
YARMOUTH,Rural Municipality,2016/2017,2016,1.16,2.15,0.99,56,0.0,false
VICTORIA,Rural Municipality,2016/2017,2016,1.2,2.1,0.9,57,0.0,false
CHESTER,Rural Municipality,2016/2017,2016,0.69,1.53,0.84,58,0.0,false
INVERNESS,Rural Municipality,2016/2017,2016,1.02,1.85,0.83,59,0.0,false
ANNAPOLIS,Rural Municipality,2016/2017,2016,0.98,1.8,0.82,60,0.0,false
WEST HANTS,Rural Municipality,2016/2017,2016,1.02,1.8,0.78,61,-0.01,false
ANTIGONISH,Rural Municipality,2016/2017,2016,0.88,1.46,0.58,62,0.0,false
SHELBURNE,Rural Municipality,2016/2017,2016,1.26,1.82,0.56,63,0.0,false
DIGBY,Rural Municipality,2016/2017,2016,1.3,1.85,0.55,64,0.0,false
CLARK'S HARBOR,Town,2017/2018,2017,1.65,5.58,3.93,1,0.0,false
TRENTON,Town,2017/2018,2017,1.99,5.44,3.45,2,0.0,false
LOUISBOURG,Cape Breton Regional,2017/2018,2017,2.016,5.259,3.243,3,0.003,false
CITY OF SYDNEY,Cape Breton Regional,2017/2018,2017,2.266,5.457,3.191,4,-0.18,false
CAPE BRETON MUN-Suburban,Cape Breton Regional,2017/2018,2017,1.665,4.854,3.189,5,0.009,false
NEW WATERFORD,Cape Breton Regional,2017/2018,2017,2.08,5.226,3.146,6,0.0,false
DOMINION,Cape Breton Regional,2017/2018,2017,2.066,5.203,3.137,7,0.007,false
GLACE BAY,Cape Breton Regional,2017/2018,2017,2.094,5.23,3.136,8,-0.004,false
NORTH SYDNEY,Cape Breton Regional,2017/2018,2017,2.106,5.242,3.136,8,0.0,false
SYDNEY MINES,Cape Breton Regional,2017/2018,2017,1.991,5.127,3.136,8,0.0,false
MULGRAVE,Town,2017/2018,2017,1.188,4.321,3.133,11,0.003,false
LOCKEPORT,Town,2017/2018,2017,2.31,5.39,3.08,12,0.0,false
AMHERST,Town,2017/2018,2017,1.63,4.43,2.8,13,-0.02,false
PICTOU,Town,2017/2018,2017,1.64,4.34,2.7,14,0.0,false
TRURO,Town,2017/2018,2017,1.83,4.48,2.65,15,-0.01,false
YARMOUTH,Town,2017/2018,2017,1.64,4.26,2.62,16,-0.02,false
NEW GLASGOW,Town,2017/2018,2017,1.82,4.4,2.58,17,0.0,false
PORT HAWKESBURY,Town,2017/2018,2017,1.8,4.38,2.58,17,0.0,false
MIDDLETON,Town,2017/2018,2017,1.84,4.32,2.48,19,0.0,false
OXFORD,Town,2017/2018,2017,1.59,3.97,2.38,20,-1.01,false
STELLARTON,Town,2017/2018,2017,1.82,4.15,2.33,21,0.0,false
BRIDGEWATER,Town,2017/2018,2017,1.65,3.97,2.32,22,-0.02,false
BERWICK,Town,2017/2018,2017,1.199,3.491,2.292,23,0.0,false
DIGBY,Town,2017/2018,2017,1.99,4.24,2.25,24,0.0,false
COUNTY SUBURBAN,Halifax Regional,2017/2018,2017,1.165,3.318,2.153,25,0.043,false
BEDFORD,Halifax Regional,2017/2018,2017,1.198,3.318,2.12,26,0.04,false
COUNTY URBAN,Halifax Regional,2017/2018,2017,1.198,3.318,2.12,26,0.04,false
DARTMOUTH,Halifax Regional,2017/2018,2017,1.198,3.318,2.12,26,0.04,false
HALIFAX,Halifax Regional,2017/2018,2017,1.198,3.318,2.12,26,-0.26,false
WOLFVILLE,Town,2017/2018,2017,1.45,3.56,2.11,30,-0.01,false
WINDSOR,Town,2017/2018,2017,1.9,3.99,2.09,31,0.0,false
GUYSBOROUGH,Rural Municipality,2017/2018,2017,0.61,2.58,1.97,32,0.0,false
KENTVILLE,Town,2017/2018,2017,1.387,3.341,1.954,33,0.014,false
LUNENBURG,Town,2017/2018,2017,1.333,3.286,1.953,34,-0.017,false
SHELBURNE,Town,2017/2018,2017,2.04,3.86,1.82,35,0.0,false
COUNTY RURAL,Halifax Regional,2017/2018,2017,1.152,2.955,1.803,36,0.033,false
EAST HANTS,Rural Municipality,2017/2018,2017,0.859,2.66,1.801,37,-0.039,false
STEWIACKE,Town,2017/2018,2017,1.665,3.46,1.795,38,0.005,false
MAHONE BAY,Town,2017/2018,2017,1.19,2.98,1.79,39,0.0,false
WESTVILLE,Town,2017/2018,2017,2.08,3.69,1.61,40,0.0,false
CUMBERLAND,Rural Municipality,2017/2018,2017,1.04,2.63,1.59,41,0.0,false
BARRINGTON,Rural Municipality,2017/2018,2017,1.01,2.56,1.55,42,0.0,false
ANTIGONISH,Town,2017/2018,2017,1.06,2.58,1.52,43,0.0,false
ANNAPOLIS ROYAL,Town,2017/2018,2017,1.65,3.15,1.5,44,0.0,false
KINGS,Rural Municipality,2017/2018,2017,0.853,2.287,1.434,45,-0.006,false
COLCHESTER,Rural Municipality,2017/2018,2017,0.88,2.28,1.4,46,0.0,false
ST. MARY'S,Rural Municipality,2017/2018,2017,0.92,2.23,1.31,47,0.0,false
RICHMOND,Rural Municipality,2017/2018,2017,0.8,2.1,1.3,48,0.0,false
ARGYLE,Rural Municipality,2017/2018,2017,1.07,2.25,1.18,49,0.0,false
LUNENBURG,Rural Municipality,2017/2018,2017,0.81,1.957,1.147,50,-0.003,false
LIVERPOOL,Region of Queens,2017/2018,2017,1.9,3.0,1.1,51,0.0,false
QUEENS COUNTY,Region of Queens,2017/2018,2017,1.02,2.12,1.1,51,0.0,false
CLARE,Rural Municipality,2017/2018,2017,1.04,2.07,1.03,53,0.0,false
PICTOU,Rural Municipality,2017/2018,2017,0.81,1.82,1.01,54,0.0,false
YARMOUTH,Rural Municipality,2017/2018,2017,1.16,2.15,0.99,55,0.0,false
VICTORIA,Rural Municipality,2017/2018,2017,1.2,2.1,0.9,56,0.0,false
INVERNESS,Rural Municipality,2017/2018,2017,1.02,1.85,0.83,57,0.0,false
CHESTER,Rural Municipality,2017/2018,2017,0.705,1.53,0.825,58,-0.015,false
ANNAPOLIS,Rural Municipality,2017/2018,2017,0.994,1.8,0.806,59,-0.014,false
WEST HANTS,Rural Municipality,2017/2018,2017,1.016,1.8,0.784,60,0.004,false
ANTIGONISH,Rural Municipality,2017/2018,2017,0.88,1.46,0.58,61,0.0,false
SHELBURNE,Rural Municipality,2017/2018,2017,1.26,1.82,0.56,62,0.0,false
DIGBY,Rural Municipality,2017/2018,2017,1.3,1.85,0.55,63,0.0,false
CLARK'S HARBOR,Town,2018/2019,2018,1.68,5.58,3.9,1,-0.03,false
LOUISBOURG,Cape Breton Regional,2018/2019,2018,2.016,5.259,3.243,2,0.0,false
CITY OF SYDNEY,Cape Breton Regional,2018/2019,2018,2.266,5.457,3.191,3,0.0,false
CAPE BRETON MUN-Suburban,Cape Breton Regional,2018/2019,2018,1.665,4.854,3.189,4,0.0,false
NEW WATERFORD,Cape Breton Regional,2018/2019,2018,2.08,5.226,3.146,5,0.0,false
DOMINION,Cape Breton Regional,2018/2019,2018,2.066,5.203,3.137,6,0.0,false
NORTH SYDNEY,Cape Breton Regional,2018/2019,2018,2.106,5.242,3.136,7,0.0,false
SYDNEY MINES,Cape Breton Regional,2018/2019,2018,1.991,5.127,3.136,7,0.0,false
MULGRAVE,Town,2018/2019,2018,1.1786,4.3116,3.133,9,0.0,false
GLACE BAY,Cape Breton Regional,2018/2019,2018,2.094,5.203,3.109,10,-0.027,false
LOCKEPORT,Town,2018/2019,2018,2.36,5.39,3.03,11,-0.05,false
AMHERST,Town,2018/2019,2018,1.635,4.435,2.8,12,0.0,false
PICTOU,Town,2018/2019,2018,1.64,4.34,2.7,13,0.0,false
TRURO,Town,2018/2019,2018,1.83,4.5,2.67,14,0.02,false
YARMOUTH,Town,2018/2019,2018,1.66,4.28,2.62,15,0.0,false
TRENTON,Town,2018/2019,2018,1.38,3.98,2.6,16,-0.85,false
NEW GLASGOW,Town,2018/2019,2018,1.82,4.4,2.58,17,0.0,false
PORT HAWKESBURY,Town,2018/2019,2018,1.8,4.38,2.58,17,0.0,false
MIDDLETON,Town,2018/2019,2018,1.84,4.32,2.48,19,0.0,false
OXFORD,Town,2018/2019,2018,1.62,4.035,2.415,20,0.035,false
STELLARTON,Town,2018/2019,2018,1.82,4.15,2.33,21,0.0,false
BRIDGEWATER,Town,2018/2019,2018,1.65,3.97,2.32,22,0.0,false
BERWICK,Town,2018/2019,2018,1.189,3.481,2.292,23,0.0,false
DIGBY,Town,2018/2019,2018,1.99,4.24,2.25,24,0.0,false
COUNTY SUBURBAN,Halifax Regional,2018/2019,2018,1.1725,3.3735,2.201,25,0.048,false
BEDFORD,Halifax Regional,2018/2019,2018,1.2055,3.3735,2.168,26,0.048,false
COUNTY URBAN,Halifax Regional,2018/2019,2018,1.2055,3.3735,2.168,26,0.048,false
DARTMOUTH,Halifax Regional,2018/2019,2018,1.2055,3.3735,2.168,26,0.048,false
HALIFAX,Halifax Regional,2018/2019,2018,1.2055,3.3735,2.168,26,0.048,false
WOLFVILLE,Town,2018/2019,2018,1.46,3.57,2.11,30,0.0,false
WINDSOR,Town,2018/2019,2018,1.88,3.95,2.07,31,-0.02,false
LUNENBURG,Town,2018/2019,2018,1.344,3.32,1.976,32,0.023,false
GUYSBOROUGH,Rural Municipality,2018/2019,2018,0.66,2.63,1.97,33,0.0,false
KENTVILLE,Town,2018/2019,2018,1.4022,3.3063,1.9041,34,-0.0499,false
COUNTY RURAL,Halifax Regional,2018/2019,2018,1.1595,3.004,1.8445,35,0.0415,false
SHELBURNE,Town,2018/2019,2018,2.04,3.86,1.82,36,0.0,false
STEWIACKE,Town,2018/2019,2018,1.665,3.46,1.795,37,0.0,false
MAHONE BAY,Town,2018/2019,2018,1.23,3.02,1.79,38,0.0,false
EAST HANTS,Rural Municipality,2018/2019,2018,0.8607,2.61,1.7493,39,-0.0517,false
WESTVILLE,Town,2018/2019,2018,2.08,3.69,1.61,40,0.0,false
CUMBERLAND,Rural Municipality,2018/2019,2018,1.17,2.76,1.59,41,0.0,false
BARRINGTON,Rural Municipality,2018/2019,2018,1.01,2.56,1.55,42,0.0,false
ANTIGONISH,Town,2018/2019,2018,1.09,2.61,1.52,43,0.0,false
ANNAPOLIS ROYAL,Town,2018/2019,2018,1.65,3.15,1.5,44,0.0,false
KINGS,Rural Municipality,2018/2019,2018,0.853,2.287,1.434,45,0.0,false
COLCHESTER,Rural Municipality,2018/2019,2018,0.88,2.28,1.4,46,0.0,false
ST. MARY'S,Rural Municipality,2018/2019,2018,0.94,2.25,1.31,47,0.0,false
RICHMOND,Rural Municipality,2018/2019,2018,0.8,2.1,1.3,48,0.0,false
ARGYLE,Rural Municipality,2018/2019,2018,1.07,2.25,1.18,49,0.0,false
LUNENBURG,Rural Municipality,2018/2019,2018,0.81,1.957,1.147,50,0.0,false
LIVERPOOL,Region of Queens,2018/2019,2018,1.92,3.02,1.1,51,0.0,false
QUEENS COUNTY,Region of Queens,2018/2019,2018,1.04,2.14,1.1,51,0.0,false
CLARE,Rural Municipality,2018/2019,2018,1.04,2.07,1.03,53,0.0,false
PICTOU,Rural Municipality,2018/2019,2018,0.81,1.82,1.01,54,0.0,false
YARMOUTH,Rural Municipality,2018/2019,2018,1.17,2.16,0.99,55,0.0,false
VICTORIA,Rural Municipality,2018/2019,2018,1.22,2.12,0.9,56,0.0,false
INVERNESS,Rural Municipality,2018/2019,2018,1.02,1.85,0.83,57,0.0,false
CHESTER,Rural Municipality,2018/2019,2018,0.705,1.53,0.825,58,0.0,false
ANNAPOLIS,Rural Municipality,2018/2019,2018,1.015,1.8,0.785,59,-0.021,false
WEST HANTS,Rural Municipality,2018/2019,2018,1.0163,1.8,0.7837,60,-0.0003,false
ANTIGONISH,Rural Municipality,2018/2019,2018,0.88,1.46,0.58,61,0.0,false
SHELBURNE,Rural Municipality,2018/2019,2018,1.26,1.82,0.56,62,0.0,false
DIGBY,Rural Municipality,2018/2019,2018,1.3,1.85,0.55,63,0.0,false
CLARK'S HARBOR,Town,2019/2020,2019,1.68,5.58,3.9,1,0.0,false
MULGRAVE,Town,2019/2020,2019,1.2375,4.5257,3.2882,2,0.1552,false
LOUISBOURG,Cape Breton Regional,2019/2020,2019,2.016,5.259,3.243,3,0.0,false
CITY OF SYDNEY,Cape Breton Regional,2019/2020,2019,2.266,5.457,3.191,4,0.0,false
CAPE BRETON MUN-Suburban,Cape Breton Regional,2019/2020,2019,1.665,4.854,3.189,5,0.0,false
NEW WATERFORD,Cape Breton Regional,2019/2020,2019,2.08,5.226,3.146,6,0.0,false
DOMINION,Cape Breton Regional,2019/2020,2019,2.066,5.203,3.137,7,0.0,false
NORTH SYDNEY,Cape Breton Regional,2019/2020,2019,2.106,5.242,3.136,8,0.0,false
SYDNEY MINES,Cape Breton Regional,2019/2020,2019,1.991,5.127,3.136,8,0.0,false
GLACE BAY,Cape Breton Regional,2019/2020,2019,2.094,5.203,3.109,10,0.0,false
LOCKEPORT,Town,2019/2020,2019,2.38,5.41,3.03,11,0.0,false
AMHERST,Town,2019/2020,2019,1.655,4.455,2.8,12,0.0,false
PICTOU,Town,2019/2020,2019,1.64,4.34,2.7,13,0.0,false
TRURO,Town,2019/2020,2019,1.85,4.5,2.65,14,-0.02,false
YARMOUTH,Town,2019/2020,2019,1.66,4.28,2.62,15,0.0,false
NEW GLASGOW,Town,2019/2020,2019,1.84,4.45,2.61,16,0.03,false
PORT HAWKESBURY,Town,2019/2020,2019,1.58,4.16,2.58,17,0.0,false
MIDDLETON,Town,2019/2020,2019,1.77,4.25,2.48,18,0.0,false
TRENTON,Town,2019/2020,2019,1.62,4.1,2.48,18,-0.12,false
OXFORD,Town,2019/2020,2019,1.6874,4.1557,2.4683,20,0.0533,false
STELLARTON,Town,2019/2020,2019,1.82,4.15,2.33,21,0.0,false
BRIDGEWATER,Town,2019/2020,2019,1.65,3.97,2.32,22,0.0,false
BERWICK,Town,2019/2020,2019,1.189,3.481,2.292,23,0.0,false
DIGBY,Town,2019/2020,2019,1.86,4.15,2.29,24,0.04,false
COUNTY SUBURBAN,Halifax Regional,2019/2020,2019,1.163,3.432,2.269,25,0.068,false
BEDFORD,Halifax Regional,2019/2020,2019,1.196,3.432,2.236,26,0.068,false
COUNTY URBAN,Halifax Regional,2019/2020,2019,1.196,3.432,2.236,26,0.068,false
DARTMOUTH,Halifax Regional,2019/2020,2019,1.196,3.432,2.236,26,0.068,false
HALIFAX,Halifax Regional,2019/2020,2019,1.196,3.432,2.236,26,0.068,false
WOLFVILLE,Town,2019/2020,2019,1.465,3.575,2.11,30,0.0,false
WINDSOR,Town,2019/2020,2019,1.88,3.95,2.07,31,0.0,false
LUNENBURG,Town,2019/2020,2019,1.351,3.358,2.007,32,0.031,false
GUYSBOROUGH,Rural Municipality,2019/2020,2019,0.71,2.68,1.97,33,0.0,false
MAHONE BAY,Town,2019/2020,2019,1.25,3.16,1.91,34,0.12,false
COUNTY RURAL,Halifax Regional,2019/2020,2019,1.15,3.054,1.904,35,0.0595,false
KENTVILLE,Town,2019/2020,2019,1.4272,3.3129,1.8857,36,-0.0184,false
SHELBURNE,Town,2019/2020,2019,2.06,3.88,1.82,37,0.0,false
STEWIACKE,Town,2019/2020,2019,1.665,3.46,1.795,38,0.0,false
EAST HANTS,Rural Municipality,2019/2020,2019,0.8527,2.6,1.7473,39,-0.002,false
WESTVILLE,Town,2019/2020,2019,2.08,3.69,1.61,40,0.0,false
CUMBERLAND,Rural Municipality,2019/2020,2019,1.19,2.78,1.59,41,0.0,false
ANTIGONISH,Town,2019/2020,2019,1.09,2.61,1.52,42,0.0,false
BARRINGTON,Rural Municipality,2019/2020,2019,1.05,2.56,1.51,43,-0.04,false
ANNAPOLIS ROYAL,Town,2019/2020,2019,1.7,3.2,1.5,44,0.0,false
KINGS,Rural Municipality,2019/2020,2019,0.853,2.287,1.434,45,0.0,false
COLCHESTER,Rural Municipality,2019/2020,2019,0.885,2.28,1.395,46,-0.005,false
ST. MARY'S,Rural Municipality,2019/2020,2019,0.95,2.26,1.31,47,0.0,false
RICHMOND,Rural Municipality,2019/2020,2019,0.8,2.1,1.3,48,0.0,false
ARGYLE,Rural Municipality,2019/2020,2019,1.09,2.27,1.18,49,0.0,false
LUNENBURG,Rural Municipality,2019/2020,2019,0.81,1.957,1.147,50,0.0,false
LIVERPOOL,Region of Queens,2019/2020,2019,1.92,3.02,1.1,51,0.0,false
QUEENS COUNTY,Region of Queens,2019/2020,2019,1.03,2.13,1.1,51,0.0,false
CLARE,Rural Municipality,2019/2020,2019,1.04,2.07,1.03,53,0.0,false
PICTOU,Rural Municipality,2019/2020,2019,0.81,1.82,1.01,54,0.0,false
YARMOUTH,Rural Municipality,2019/2020,2019,1.18,2.17,0.99,55,0.0,false
VICTORIA,Rural Municipality,2019/2020,2019,1.22,2.12,0.9,56,0.0,false
INVERNESS,Rural Municipality,2019/2020,2019,1.05,1.91,0.86,57,0.03,false
CHESTER,Rural Municipality,2019/2020,2019,0.705,1.53,0.825,58,0.0,false
ANNAPOLIS,Rural Municipality,2019/2020,2019,1.015,1.8,0.785,59,0.0,false
WEST HANTS,Rural Municipality,2019/2020,2019,1.0323,1.8,0.7677,60,-0.016,false
ANTIGONISH,Rural Municipality,2019/2020,2019,0.88,1.46,0.58,61,0.0,false
SHELBURNE,Rural Municipality,2019/2020,2019,1.26,1.82,0.56,62,0.0,false
DIGBY,Rural Municipality,2019/2020,2019,1.3,1.85,0.55,63,0.0,false
CLARK'S HARBOR,Town,2020/2021,2020,1.68,5.58,3.9,1,0.0,false
MULGRAVE,Town,2020/2021,2020,1.2375,4.5257,3.2882,2,0.0,false
LOUISBOURG,Cape Breton Regional,2020/2021,2020,2.016,5.259,3.243,3,0.0,false
CITY OF SYDNEY,Cape Breton Regional,2020/2021,2020,2.266,5.457,3.191,4,0.0,false
CAPE BRETON MUN-Suburban,Cape Breton Regional,2020/2021,2020,1.665,4.854,3.189,5,0.0,false
NEW WATERFORD,Cape Breton Regional,2020/2021,2020,2.08,5.226,3.146,6,0.0,false
DOMINION,Cape Breton Regional,2020/2021,2020,2.066,5.203,3.137,7,0.0,false
NORTH SYDNEY,Cape Breton Regional,2020/2021,2020,2.106,5.242,3.136,8,0.0,false
SYDNEY MINES,Cape Breton Regional,2020/2021,2020,1.991,5.127,3.136,8,0.0,false
GLACE BAY,Cape Breton Regional,2020/2021,2020,2.094,5.203,3.109,10,0.0,false
LOCKEPORT,Town,2020/2021,2020,2.38,5.41,3.03,11,0.0,false
AMHERST,Town,2020/2021,2020,1.655,4.455,2.8,12,0.0,false
PICTOU,Town,2020/2021,2020,1.64,4.34,2.7,13,0.0,false
TRURO,Town,2020/2021,2020,1.85,4.5,2.65,14,0.0,false
YARMOUTH,Town,2020/2021,2020,1.66,4.28,2.62,15,0.0,false
NEW GLASGOW,Town,2020/2021,2020,1.84,4.45,2.61,16,0.0,false
PORT HAWKESBURY,Town,2020/2021,2020,1.58,4.16,2.58,17,0.0,false
MIDDLETON,Town,2020/2021,2020,1.77,4.25,2.48,18,0.0,false
OXFORD,Town,2020/2021,2020,1.6874,4.1557,2.4683,19,0.0,false
COUNTY SUBURBAN,Halifax Regional,2020/2021,2020,1.065,3.441,2.376,20,0.107,false
STELLARTON,Town,2020/2021,2020,1.82,4.15,2.33,21,0.0,false
BRIDGEWATER,Town,2020/2021,2020,1.65,3.97,2.32,22,0.0,false
BERWICK,Town,2020/2021,2020,1.548,3.84,2.292,23,0.0,false
DIGBY,Town,2020/2021,2020,1.86,4.15,2.29,24,0.0,false
BEDFORD,Halifax Regional,2020/2021,2020,1.196,3.441,2.245,25,0.009,false
COUNTY URBAN,Halifax Regional,2020/2021,2020,1.196,3.441,2.245,25,0.009,false
DARTMOUTH,Halifax Regional,2020/2021,2020,1.196,3.441,2.245,25,0.009,false
HALIFAX,Halifax Regional,2020/2021,2020,1.196,3.441,2.245,25,0.009,false
TRENTON,Town,2020/2021,2020,1.94,4.1,2.16,29,-0.32,false
WOLFVILLE,Town,2020/2021,2020,1.475,3.585,2.11,30,0.0,false
COUNTY RURAL,Halifax Regional,2020/2021,2020,1.051,3.059,2.008,31,0.104,false
LUNENBURG,Town,2020/2021,2020,1.346,3.318,1.972,32,-0.035,false
GUYSBOROUGH,Rural Municipality,2020/2021,2020,0.71,2.68,1.97,33,0.0,false
MAHONE BAY,Town,2020/2021,2020,1.25,3.16,1.91,34,0.0,false
KENTVILLE,Town,2020/2021,2020,1.4108,3.285,1.8742,35,-0.0115,false
SHELBURNE,Town,2020/2021,2020,2.06,3.88,1.82,36,0.0,false
STEWIACKE,Town,2020/2021,2020,1.665,3.46,1.795,37,0.0,false
EAST HANTS,Rural Municipality,2020/2021,2020,0.8507,2.6,1.7493,38,0.002,false
WESTVILLE,Town,2020/2021,2020,2.08,3.69,1.61,39,0.0,false
CUMBERLAND,Rural Municipality,2020/2021,2020,1.19,2.78,1.59,40,0.0,false
ANTIGONISH,Town,2020/2021,2020,1.09,2.61,1.52,41,0.0,false
BARRINGTON,Rural Municipality,2020/2021,2020,1.05,2.56,1.51,42,0.0,false
ANNAPOLIS ROYAL,Town,2020/2021,2020,1.7,3.2,1.5,43,0.0,false
KINGS,Rural Municipality,2020/2021,2020,0.853,2.287,1.434,44,0.0,false
COLCHESTER,Rural Municipality,2020/2021,2020,0.885,2.28,1.395,45,0.0,false
ST. MARY'S,Rural Municipality,2020/2021,2020,0.95,2.26,1.31,46,0.0,false
RICHMOND,Rural Municipality,2020/2021,2020,0.8,2.1,1.3,47,0.0,false
ARGYLE,Rural Municipality,2020/2021,2020,1.09,2.27,1.18,48,0.0,false
LUNENBURG,Rural Municipality,2020/2021,2020,0.81,1.957,1.147,49,0.0,false
LIVERPOOL,Region of Queens,2020/2021,2020,1.92,3.02,1.1,50,0.0,false
QUEENS COUNTY,Region of Queens,2020/2021,2020,1.03,2.13,1.1,50,0.0,false
CLARE,Rural Municipality,2020/2021,2020,1.04,2.07,1.03,52,0.0,false
PICTOU,Rural Municipality,2020/2021,2020,0.81,1.82,1.01,53,0.0,false
YARMOUTH,Rural Municipality,2020/2021,2020,1.18,2.17,0.99,54,0.0,false
VICTORIA,Rural Municipality,2020/2021,2020,1.22,2.12,0.9,55,0.0,false
INVERNESS,Rural Municipality,2020/2021,2020,1.05,1.91,0.86,56,0.0,false
CHESTER,Rural Municipality,2020/2021,2020,0.705,1.53,0.825,57,0.0,false
ANNAPOLIS,Rural Municipality,2020/2021,2020,1.015,1.8,0.785,58,0.0,false
ANTIGONISH,Rural Municipality,2020/2021,2020,0.88,1.46,0.58,59,0.0,false
SHELBURNE,Rural Municipality,2020/2021,2020,1.26,1.82,0.56,60,0.0,false
HANTSPORT,West Hants Regional Municipality,2020/2021,2020,0.4318,0.99,0.5582,61,,false
WEST HANTS,West Hants Regional Municipality,2020/2021,2020,0.4318,0.99,0.5582,61,,false
WINDSOR,West Hants Regional Municipality,2020/2021,2020,0.4318,0.99,0.5582,61,,false
DIGBY,Rural Municipality,2020/2021,2020,1.3,1.85,0.55,64,0.0,false
CLARK'S HARBOR,Town,2021/2022,2021,1.68,5.58,3.9,1,0.0,false
MULGRAVE,Town,2021/2022,2021,1.2375,4.5257,3.2882,2,0.0,false
LOUISBOURG,Cape Breton Regional,2021/2022,2021,2.016,5.259,3.243,3,0.0,false
CITY OF SYDNEY,Cape Breton Regional,2021/2022,2021,2.266,5.457,3.191,4,0.0,false
CAPE BRETON MUN-Suburban,Cape Breton Regional,2021/2022,2021,1.665,4.854,3.189,5,0.0,false
NEW WATERFORD,Cape Breton Regional,2021/2022,2021,2.08,5.226,3.146,6,0.0,false
DOMINION,Cape Breton Regional,2021/2022,2021,2.066,5.203,3.137,7,0.0,false
NORTH SYDNEY,Cape Breton Regional,2021/2022,2021,2.106,5.242,3.136,8,0.0,false
SYDNEY MINES,Cape Breton Regional,2021/2022,2021,1.991,5.127,3.136,8,0.0,false
GLACE BAY,Cape Breton Regional,2021/2022,2021,2.094,5.203,3.109,10,0.0,false
LOCKEPORT,Town,2021/2022,2021,2.38,5.41,3.03,11,0.0,false
AMHERST,Town,2021/2022,2021,1.67,4.47,2.8,12,0.0,false
PICTOU,Town,2021/2022,2021,1.64,4.34,2.7,13,0.0,false
TRURO,Town,2021/2022,2021,1.9025,4.5425,2.64,14,-0.01,false
YARMOUTH,Town,2021/2022,2021,1.67,4.29,2.62,15,0.0,false
NEW GLASGOW,Town,2021/2022,2021,1.84,4.45,2.61,16,0.0,false
PORT HAWKESBURY,Town,2021/2022,2021,1.58,4.16,2.58,17,0.0,false
MIDDLETON,Town,2021/2022,2021,1.79,4.27,2.48,18,0.0,false
OXFORD,Town,2021/2022,2021,1.6874,4.1557,2.4683,19,0.0,false
STELLARTON,Town,2021/2022,2021,1.82,4.15,2.33,20,0.0,false
BERWICK,Town,2021/2022,2021,1.568,3.88,2.312,21,0.02,false
DIGBY,Town,2021/2022,2021,1.86,4.15,2.29,22,0.0,false
COUNTY SUBURBAN,Halifax Regional,2021/2022,2021,1.156,3.394,2.238,23,-0.138,false
BRIDGEWATER,Town,2021/2022,2021,1.75,3.97,2.22,24,-0.1,false
BEDFORD,Halifax Regional,2021/2022,2021,1.189,3.394,2.205,25,-0.04,false
COUNTY URBAN,Halifax Regional,2021/2022,2021,1.189,3.394,2.205,25,-0.04,false
DARTMOUTH,Halifax Regional,2021/2022,2021,1.189,3.394,2.205,25,-0.04,false
HALIFAX,Halifax Regional,2021/2022,2021,1.189,3.394,2.205,25,-0.04,false
TRENTON,Town,2021/2022,2021,1.99,4.1,2.11,29,-0.05,false
WOLFVILLE,Town,2021/2022,2021,1.475,3.585,2.11,29,0.0,false
GUYSBOROUGH,Rural Municipality,2021/2022,2021,0.77,2.74,1.97,31,0.0,false
LUNENBURG,Town,2021/2022,2021,1.376,3.318,1.942,32,-0.03,false
COUNTY RURAL,Halifax Regional,2021/2022,2021,1.143,3.057,1.914,33,-0.094,false
MAHONE BAY,Town,2021/2022,2021,1.282,3.192,1.91,34,0.0,false
KENTVILLE,Town,2021/2022,2021,1.4081,3.283,1.8749,35,0.0007,false
SHELBURNE,Town,2021/2022,2021,2.06,3.88,1.82,36,0.0,false
STEWIACKE,Town,2021/2022,2021,1.665,3.46,1.795,37,0.0,false
EAST HANTS,Rural Municipality,2021/2022,2021,0.8507,2.6,1.7493,38,0.0,false
WESTVILLE,Town,2021/2022,2021,2.08,3.69,1.61,39,0.0,false
CUMBERLAND,Rural Municipality,2021/2022,2021,1.19,2.78,1.59,40,0.0,false
ANTIGONISH,Town,2021/2022,2021,1.1,2.62,1.52,41,0.0,false
ANNAPOLIS ROYAL,Town,2021/2022,2021,1.7,3.2,1.5,42,0.0,false
BARRINGTON,Rural Municipality,2021/2022,2021,1.07,2.56,1.49,43,-0.02,false
KINGS,Rural Municipality,2021/2022,2021,0.853,2.287,1.434,44,0.0,false
COLCHESTER,Rural Municipality,2021/2022,2021,0.885,2.28,1.395,45,0.0,false
ST. MARY'S,Rural Municipality,2021/2022,2021,0.95,2.26,1.31,46,0.0,false
RICHMOND,Rural Municipality,2021/2022,2021,0.81,2.11,1.3,47,0.0,false
ARGYLE,Rural Municipality,2021/2022,2021,1.11,2.29,1.18,48,0.0,false
LUNENBURG,Rural Municipality,2021/2022,2021,0.81,1.957,1.147,49,0.0,false
LIVERPOOL,Region of Queens,2021/2022,2021,1.96,3.06,1.1,50,0.0,false
QUEENS COUNTY,Region of Queens,2021/2022,2021,1.07,2.17,1.1,50,0.0,false
CLARE,Rural Municipality,2021/2022,2021,1.04,2.07,1.03,52,0.0,false
PICTOU,Rural Municipality,2021/2022,2021,0.8155,1.8255,1.01,53,0.0,false
YARMOUTH,Rural Municipality,2021/2022,2021,1.18,2.17,0.99,54,0.0,false
VICTORIA,Rural Municipality,2021/2022,2021,1.22,2.12,0.9,55,0.0,false
INVERNESS,Rural Municipality,2021/2022,2021,1.05,1.91,0.86,56,0.0,false
CHESTER,Rural Municipality,2021/2022,2021,0.705,1.53,0.825,57,0.0,false
ANNAPOLIS,Rural Municipality,2021/2022,2021,1.025,1.8,0.775,58,-0.01,false
ANTIGONISH,Rural Municipality,2021/2022,2021,0.88,1.44,0.56,59,-0.02,false
SHELBURNE,Rural Municipality,2021/2022,2021,1.26,1.82,0.56,59,0.0,false
DIGBY,Rural Municipality,2021/2022,2021,1.3,1.85,0.55,61,0.0,false
HANTSPORT,West Hants Regional Municipality,2021/2022,2021,0.4798,0.98,0.5002,62,-0.058,false
WEST HANTS,West Hants Regional Municipality,2021/2022,2021,0.4798,0.98,0.5002,62,-0.058,false
WINDSOR,West Hants Regional Municipality,2021/2022,2021,0.4798,0.98,0.5002,62,-0.058,false
CLARK'S HARBOUR,Town,2022/2023,2022,1.68,5.58,3.9,1,,false
MULGRAVE,Town,2022/2023,2022,1.2375,4.5257,3.2882,2,0.0,false
LOUISBOURG,Cape Breton Regional,2022/2023,2022,1.94058,5.02136,3.0808,3,-0.1622,false
CITY OF SYDNEY,Cape Breton Regional,2022/2023,2022,2.19058,5.21936,3.0288,4,-0.1622,false
CAPE BRETON MUN-Suburban,Cape Breton Regional,2022/2023,2022,1.58958,4.61636,3.0268,5,-0.1622,false
LOCKEPORT,Town,2022/2023,2022,2.4,5.41,3.01,6,-0.02,false
NEW WATERFORD,Cape Breton Regional,2022/2023,2022,2.00458,4.98836,2.9838,7,-0.1622,false
DOMINION,Cape Breton Regional,2022/2023,2022,1.99058,4.96536,2.9748,8,-0.1622,false
NORTH SYDNEY,Cape Breton Regional,2022/2023,2022,2.03058,5.00436,2.9738,9,-0.1622,false
SYDNEY MINES,Cape Breton Regional,2022/2023,2022,1.91558,4.88936,2.9738,9,-0.1622,false
GLACE BAY,Cape Breton Regional,2022/2023,2022,2.01858,4.96536,2.9468,11,-0.1622,false
AMHERST,Town,2022/2023,2022,1.67,4.47,2.8,12,0.0,false
PICTOU,Town,2022/2023,2022,1.69,4.34,2.65,13,-0.05,false
TRURO,Town,2022/2023,2022,1.9025,4.5475,2.645,14,0.005,false
YARMOUTH,Town,2022/2023,2022,1.69,4.31,2.62,15,0.0,false
NEW GLASGOW,Town,2022/2023,2022,1.84,4.45,2.61,16,0.0,false
PORT HAWKESBURY,Town,2022/2023,2022,1.58,4.16,2.58,17,0.0,false
OXFORD,Town,2022/2023,2022,1.7874,4.2804,2.493,18,0.0247,false
MIDDLETON,Town,2022/2023,2022,1.81,4.29,2.48,19,0.0,false
COUNTY SUBURBAN,Halifax Regional,2022/2023,2022,1.121,3.53,2.409,20,0.171,false
BEDFORD,Halifax Regional,2022/2023,2022,1.154,3.53,2.376,21,0.171,false
COUNTY URBAN,Halifax Regional,2022/2023,2022,1.154,3.53,2.376,21,0.171,false
DARTMOUTH,Halifax Regional,2022/2023,2022,1.154,3.53,2.376,21,0.171,false
HALIFAX,Halifax Regional,2022/2023,2022,1.154,3.53,2.376,21,0.171,false
STELLARTON,Town,2022/2023,2022,1.82,4.15,2.33,25,0.0,false
BERWICK,Town,2022/2023,2022,1.588,3.9,2.312,26,0.0,false
DIGBY,Town,2022/2023,2022,1.86,4.15,2.29,27,0.0,false
BRIDGEWATER,Town,2022/2023,2022,1.75,3.97,2.22,28,0.0,false
COUNTY RURAL,Halifax Regional,2022/2023,2022,1.01,3.137,2.127,29,0.213,false
WOLFVILLE,Town,2022/2023,2022,1.4575,3.575,2.1175,30,0.0075,false
TRENTON,Town,2022/2023,2022,2.04,4.1,2.06,31,-0.05,false
LUNENBURG,Town,2022/2023,2022,1.376,3.358,1.982,32,0.04,false
GUYSBOROUGH,Rural Municipality,2022/2023,2022,0.77,2.74,1.97,33,0.0,false
MAHONE BAY,Town,2022/2023,2022,1.282,3.222,1.94,34,0.03,false
KENTVILLE,Town,2022/2023,2022,1.4262,3.2962,1.87,35,-0.0049,false
SHELBURNE,Town,2022/2023,2022,2.03,3.88,1.85,36,0.03,false
STEWIACKE,Town,2022/2023,2022,1.615,3.45,1.835,37,0.04,false
EAST HANTS,Rural Municipality,2022/2023,2022,0.85,2.6,1.75,38,0.0007,false
WESTVILLE,Town,2022/2023,2022,2.08,3.69,1.61,39,0.0,false
CUMBERLAND,Rural Municipality,2022/2023,2022,1.17,2.76,1.59,40,0.0,false
ANTIGONISH,Town,2022/2023,2022,1.11,2.63,1.52,41,0.0,false
ANNAPOLIS ROYAL,Town,2022/2023,2022,1.7,3.2,1.5,42,0.0,false
BARRINGTON,Rural Municipality,2022/2023,2022,1.07,2.56,1.49,43,0.0,false
KINGS,Rural Municipality,2022/2023,2022,0.853,2.287,1.434,44,0.0,false
COLCHESTER,Rural Municipality,2022/2023,2022,0.885,2.28,1.395,45,0.0,false
ST. MARY'S,Rural Municipality,2022/2023,2022,0.95,2.26,1.31,46,0.0,false
RICHMOND,Rural Municipality,2022/2023,2022,0.85,2.15,1.3,47,0.0,false
ARGYLE,Rural Municipality,2022/2023,2022,1.11,2.29,1.18,48,0.0,false
LUNENBURG,Rural Municipality,2022/2023,2022,0.81,1.957,1.147,49,0.0,false
QUEENS COUNTY,Region of Queens,2022/2023,2022,1.04,2.14,1.1,50,0.0,false
LIVERPOOL,Region of Queens,2022/2023,2022,1.93,3.0,1.07,51,-0.03,false
CLARE,Rural Municipality,2022/2023,2022,1.04,2.07,1.03,52,0.0,false
PICTOU,Rural Municipality,2022/2023,2022,0.815,1.825,1.01,53,0.0,false
YARMOUTH,Rural Municipality,2022/2023,2022,1.18,2.17,0.99,54,0.0,false
VICTORIA,Rural Municipality,2022/2023,2022,1.22,2.12,0.9,55,0.0,false
INVERNESS,Rural Municipality,2022/2023,2022,1.05,1.91,0.86,56,0.0,false
CHESTER,Rural Municipality,2022/2023,2022,0.705,1.53,0.825,57,0.0,false
ANNAPOLIS,Rural Municipality,2022/2023,2022,1.025,1.8,0.775,58,0.0,false
ANTIGONISH,Rural Municipality,2022/2023,2022,0.88,1.44,0.56,59,0.0,false
SHELBURNE,Rural Municipality,2022/2023,2022,1.26,1.82,0.56,59,0.0,false
DIGBY,Rural Municipality,2022/2023,2022,1.3,1.85,0.55,61,0.0,false
HANTSPORT,West Hants Regional Municipality,2022/2023,2022,0.467,0.98,0.513,62,0.0128,false
WEST HANTS,West Hants Regional Municipality,2022/2023,2022,0.467,0.98,0.513,62,0.0128,false
WINDSOR,West Hants Regional Municipality,2022/2023,2022,0.467,0.98,0.513,62,0.0128,false
CLARK'S HARBOUR,Town,2023/2024,2023,1.68,5.58,3.9,1,0.0,false
NORTH SYDNEY,Cape Breton Regional,2023/2024,2023,2.054,5.422,3.368,2,0.3942,false
CITY OF SYDNEY,Cape Breton Regional,2023/2024,2023,2.2154,5.556,3.3406,3,0.3118,false
MULGRAVE,Town,2023/2024,2023,1.2375,4.5257,3.2882,4,0.0,false
LOUISBOURG,Cape Breton Regional,2023/2024,2023,2.0713,5.14,3.0687,5,-0.0121,false
DOMINION,Cape Breton Regional,2023/2024,2023,2.0154,5.084,3.0686,6,0.0938,false
NEW WATERFORD,Cape Breton Regional,2023/2024,2023,2.0286,5.097,3.0684,7,0.0846,false
GLACE BAY,Cape Breton Regional,2023/2024,2023,2.0418,5.11,3.0682,8,0.1214,false
SYDNEY MINES,Cape Breton Regional,2023/2024,2023,1.939,5.007,3.068,9,0.0942,false
LOCKEPORT,Town,2023/2024,2023,2.4,5.41,3.01,10,0.0,false
CAPE BRETON MUN-Suburban,Cape Breton Regional,2023/2024,2023,1.8739,4.8729,2.999,11,-0.0278,false
AMHERST,Town,2023/2024,2023,1.67,4.47,2.8,12,0.0,false
PICTOU,Town,2023/2024,2023,1.69,4.34,2.65,13,0.0,false
TRURO,Town,2023/2024,2023,1.9025,4.5475,2.645,14,0.0,false
YARMOUTH,Town,2023/2024,2023,1.69,4.31,2.62,15,0.0,false
NEW GLASGOW,Town,2023/2024,2023,1.84,4.45,2.61,16,0.0,false
PORT HAWKESBURY,Town,2023/2024,2023,1.58,4.16,2.58,17,0.0,false
COUNTY SUBURBAN,Halifax Regional,2023/2024,2023,0.979,3.553,2.574,18,0.165,false
OXFORD,Town,2023/2024,2023,1.7874,4.2804,2.493,19,0.0,false
MIDDLETON,Town,2023/2024,2023,1.81,4.29,2.48,20,0.0,false
BEDFORD,Halifax Regional,2023/2024,2023,1.115,3.553,2.438,21,0.062,false
COUNTY URBAN,Halifax Regional,2023/2024,2023,1.115,3.553,2.438,21,0.062,false
STELLARTON,Town,2023/2024,2023,1.88,4.3,2.42,23,0.09,false
DARTMOUTH,Halifax Regional,2023/2024,2023,1.115,3.533,2.418,24,0.042,false
HALIFAX,Halifax Regional,2023/2024,2023,1.115,3.533,2.418,24,0.042,false
BERWICK,Town,2023/2024,2023,1.578,3.89,2.312,26,0.0,false
DIGBY,Town,2023/2024,2023,1.91,4.2,2.29,27,0.0,false
BRIDGEWATER,Town,2023/2024,2023,1.85,4.07,2.22,28,0.0,false
COUNTY RURAL,Halifax Regional,2023/2024,2023,0.968,3.108,2.14,29,0.013,false
WOLFVILLE,Town,2023/2024,2023,1.475,3.575,2.1,30,-0.0175,false
TRENTON,Town,2023/2024,2023,2.04,4.1,2.06,31,0.0,false
LUNENBURG,Town,2023/2024,2023,1.376,3.358,1.982,32,0.0,false
GUYSBOROUGH,Rural Municipality,2023/2024,2023,0.77,2.74,1.97,33,0.0,false
MAHONE BAY,Town,2023/2024,2023,1.324,3.264,1.94,34,0.0,false
KENTVILLE,Town,2023/2024,2023,1.4262,3.2962,1.87,35,0.0,false
SHELBURNE,Town,2023/2024,2023,2.01,3.88,1.87,35,0.02,false
STEWIACKE,Town,2023/2024,2023,1.58,3.45,1.87,35,0.035,false
WESTVILLE,Town,2023/2024,2023,2.13,3.95,1.82,38,0.21,false
EAST HANTS,Rural Municipality,2023/2024,2023,0.81,2.57,1.76,39,0.01,false
CUMBERLAND,Rural Municipality,2023/2024,2023,1.14,2.71,1.57,40,-0.02,false
ANTIGONISH,Town,2023/2024,2023,1.11,2.63,1.52,41,0.0,false
ANNAPOLIS ROYAL,Town,2023/2024,2023,1.7,3.2,1.5,42,0.0,false
BARRINGTON,Rural Municipality,2023/2024,2023,1.07,2.56,1.49,43,0.0,false
KINGS,Rural Municipality,2023/2024,2023,0.853,2.287,1.434,44,0.0,false
COLCHESTER,Rural Municipality,2023/2024,2023,0.885,2.28,1.395,45,0.0,false
ST. MARY'S,Rural Municipality,2023/2024,2023,0.97,2.28,1.31,46,0.0,false
RICHMOND,Rural Municipality,2023/2024,2023,0.85,2.15,1.3,47,0.0,false
ARGYLE,Rural Municipality,2023/2024,2023,1.11,2.29,1.18,48,0.0,false
LUNENBURG,Rural Municipality,2023/2024,2023,0.81,1.957,1.147,49,0.0,false
QUEENS COUNTY,Region of Queens,2023/2024,2023,1.04,2.14,1.1,50,0.0,false
LIVERPOOL,Region of Queens,2023/2024,2023,1.93,3.0,1.07,51,0.0,false
CLARE,Rural Municipality,2023/2024,2023,1.04,2.07,1.03,52,0.0,false
PICTOU,Rural Municipality,2023/2024,2023,0.815,1.825,1.01,53,0.0,false
YARMOUTH,Rural Municipality,2023/2024,2023,1.18,2.17,0.99,54,0.0,false
VICTORIA,Rural Municipality,2023/2024,2023,1.22,2.12,0.9,55,0.0,false
INVERNESS,Rural Municipality,2023/2024,2023,1.05,1.91,0.86,56,0.0,false
CHESTER,Rural Municipality,2023/2024,2023,0.695,1.5,0.805,57,-0.02,false
ANNAPOLIS,Rural Municipality,2023/2024,2023,1.025,1.8,0.775,58,0.0,false
SHELBURNE,Rural Municipality,2023/2024,2023,1.28,1.85,0.57,59,0.01,false
ANTIGONISH,Rural Municipality,2023/2024,2023,0.88,1.44,0.56,60,0.0,false
DIGBY,Rural Municipality,2023/2024,2023,1.3,1.85,0.55,61,0.0,false
HANTSPORT,West Hants Regional Municipality,2023/2024,2023,0.5314,0.98,0.4486,62,-0.0644,false
WEST HANTS,West Hants Regional Municipality,2023/2024,2023,0.5314,0.98,0.4486,62,-0.0644,false
WINDSOR,West Hants Regional Municipality,2023/2024,2023,0.5314,0.98,0.4486,62,-0.0644,false
CLARK'S HARBOUR,Town,2024/2025,2024,1.68,5.58,3.9,1,0.0,false
MULGRAVE,Town,2024/2025,2024,1.2375,4.5257,3.2882,2,0.0,false
DOMINION,Cape Breton Regional,2024/2025,2024,1.7435,4.9336,3.1901,3,0.1215,false
GLACE BAY,Cape Breton Regional,2024/2025,2024,1.7699,4.96,3.1901,3,0.1219,false
NEW WATERFORD,Cape Breton Regional,2024/2025,2024,1.7567,4.9468,3.1901,3,0.1217,false
NORTH SYDNEY,Cape Breton Regional,2024/2025,2024,1.7821,4.9722,3.1901,3,-0.1779,false
SYDNEY MINES,Cape Breton Regional,2024/2025,2024,1.6671,4.8572,3.1901,3,0.1221,false
CITY OF SYDNEY,Cape Breton Regional,2024/2025,2024,1.9435,5.0808,3.1373,8,-0.2033,false
LOUISBOURG,Cape Breton Regional,2024/2025,2024,1.7994,4.8495,3.0501,9,-0.0186,false
LOCKEPORT,Town,2024/2025,2024,2.4,5.41,3.01,10,0.0,false
CAPE BRETON MUN-Suburban,Cape Breton Regional,2024/2025,2024,1.602,4.4935,2.8915,11,-0.1075,false
AMHERST,Town,2024/2025,2024,1.67,4.47,2.8,12,0.0,false
COUNTY SUBURBAN,Halifax Regional,2024/2025,2024,1.077,3.83,2.753,13,0.179,false
BEDFORD,Halifax Regional,2024/2025,2024,1.11,3.83,2.72,14,0.282,false
COUNTY URBAN,Halifax Regional,2024/2025,2024,1.11,3.83,2.72,14,0.282,false
DARTMOUTH,Halifax Regional,2024/2025,2024,1.11,3.83,2.72,14,0.302,false
HALIFAX,Halifax Regional,2024/2025,2024,1.11,3.83,2.72,14,0.302,false
PICTOU,Town,2024/2025,2024,1.69,4.34,2.65,18,0.0,false
TRURO,Town,2024/2025,2024,1.9025,4.5475,2.645,19,0.0,false
YARMOUTH,Town,2024/2025,2024,1.69,4.31,2.62,20,0.0,false
NEW GLASGOW,Town,2024/2025,2024,1.84,4.45,2.61,21,0.0,false
PORT HAWKESBURY,Town,2024/2025,2024,1.58,4.16,2.58,22,0.0,false
OXFORD,Town,2024/2025,2024,1.7874,4.2804,2.493,23,0.0,false
MIDDLETON,Town,2024/2025,2024,1.82,4.3,2.48,24,0.0,false
STELLARTON,Town,2024/2025,2024,1.88,4.3,2.42,25,0.0,false
BERWICK,Town,2024/2025,2024,1.558,3.87,2.312,26,0.0,false
DIGBY,Town,2024/2025,2024,1.91,4.2,2.29,27,0.0,false
BRIDGEWATER,Town,2024/2025,2024,1.85,4.07,2.22,28,0.0,false
WOLFVILLE,Town,2024/2025,2024,1.4655,3.5655,2.1,29,0.0,false
TRENTON,Town,2024/2025,2024,2.04,4.1,2.06,30,0.0,false
LUNENBURG,Town,2024/2025,2024,1.376,3.358,1.982,31,0.0,false
GUYSBOROUGH,Rural Municipality,2024/2025,2024,0.77,2.74,1.97,32,0.0,false
MAHONE BAY,Town,2024/2025,2024,1.324,3.264,1.94,33,0.0,false
COUNTY RURAL,Halifax Regional,2024/2025,2024,0.971,2.907,1.936,34,-0.204,false
KENTVILLE,Town,2024/2025,2024,1.4262,3.2962,1.87,35,0.0,false
SHELBURNE,Town,2024/2025,2024,1.99,3.86,1.87,35,0.0,false
STEWIACKE,Town,2024/2025,2024,1.58,3.45,1.87,35,0.0,false
WESTVILLE,Town,2024/2025,2024,2.13,3.95,1.82,38,0.0,false
EAST HANTS,Rural Municipality,2024/2025,2024,0.8,2.57,1.77,39,0.01,false
CUMBERLAND,Rural Municipality,2024/2025,2024,1.14,2.71,1.57,40,0.0,false
ANTIGONISH,Town,2024/2025,2024,1.13,2.65,1.52,41,0.0,false
ANNAPOLIS ROYAL,Town,2024/2025,2024,1.7,3.2,1.5,42,0.0,false
BARRINGTON,Rural Municipality,2024/2025,2024,1.07,2.56,1.49,43,0.0,false
KINGS,Rural Municipality,2024/2025,2024,0.853,2.287,1.434,44,0.0,false
COLCHESTER,Rural Municipality,2024/2025,2024,0.885,2.28,1.395,45,0.0,false
ST. MARY'S,Rural Municipality,2024/2025,2024,0.96,2.27,1.31,46,0.0,false
RICHMOND,Rural Municipality,2024/2025,2024,0.85,2.15,1.3,47,0.0,false
ARGYLE,Rural Municipality,2024/2025,2024,1.11,2.29,1.18,48,0.0,false
LUNENBURG,Rural Municipality,2024/2025,2024,0.81,1.957,1.147,49,0.0,false
LIVERPOOL,Region of Queens,2024/2025,2024,1.895,2.995,1.1,50,0.03,false
QUEENS COUNTY,Region of Queens,2024/2025,2024,1.04,2.14,1.1,50,0.0,false
CLARE,Rural Municipality,2024/2025,2024,1.04,2.07,1.03,52,0.0,false
PICTOU,Rural Municipality,2024/2025,2024,0.815,1.825,1.01,53,0.0,false
YARMOUTH,Rural Municipality,2024/2025,2024,1.18,2.17,0.99,54,0.0,false
VICTORIA,Rural Municipality,2024/2025,2024,1.15,2.09,0.94,55,0.04,false
INVERNESS,Rural Municipality,2024/2025,2024,1.05,1.91,0.86,56,0.0,false
CHESTER,Rural Municipality,2024/2025,2024,0.685,1.5,0.815,57,0.01,false
ANNAPOLIS,Rural Municipality,2024/2025,2024,1.025,1.8,0.775,58,0.0,false
ANTIGONISH,Rural Municipality,2024/2025,2024,0.85,1.43,0.58,59,0.02,false
SHELBURNE,Rural Municipality,2024/2025,2024,1.26,1.82,0.56,60,-0.01,false
DIGBY,Rural Municipality,2024/2025,2024,1.3,1.85,0.55,61,0.0,false
HANTSPORT,West Hants Regional Municipality,2024/2025,2024,0.6972,0.98,0.2828,62,-0.1658,false
WEST HANTS,West Hants Regional Municipality,2024/2025,2024,0.6972,0.98,0.2828,62,-0.1658,false
WINDSOR,West Hants Regional Municipality,2024/2025,2024,0.6972,0.98,0.2828,62,-0.1658,false
CLARK'S HARBOUR,Town,2025/2026,2025,1.68,5.58,3.9,1,0.0,true
MULGRAVE,Town,2025/2026,2025,1.2375,4.5257,3.2882,2,0.0,true
CAPE BRETON MUN-Suburban,Cape Breton Regional,2025/2026,2025,1.5945,4.7846,3.1901,3,0.2986,true
DOMINION,Cape Breton Regional,2025/2026,2025,1.736,4.9261,3.1901,3,0.0,true
GLACE BAY,Cape Breton Regional,2025/2026,2025,1.7624,4.9525,3.1901,3,0.0,true
LOUISBOURG,Cape Breton Regional,2025/2026,2025,1.7919,4.982,3.1901,3,0.14,true
NEW WATERFORD,Cape Breton Regional,2025/2026,2025,1.7492,4.9393,3.1901,3,0.0,true
NORTH SYDNEY,Cape Breton Regional,2025/2026,2025,1.7746,4.9647,3.1901,3,0.0,true
SYDNEY MINES,Cape Breton Regional,2025/2026,2025,1.6596,4.8497,3.1901,3,0.0,true
CITY OF SYDNEY,Cape Breton Regional,2025/2026,2025,1.936,5.0733,3.1373,10,0.0,false
LOCKEPORT,Town,2025/2026,2025,2.4,5.41,3.01,11,0.0,false
AMHERST,Town,2025/2026,2025,1.67,4.47,2.8,12,0.0,false
PICTOU,Town,2025/2026,2025,1.69,4.34,2.65,13,0.0,false
TRURO,Town,2025/2026,2025,1.9025,4.5475,2.645,14,0.0,false
YARMOUTH,Town,2025/2026,2025,1.71,4.35,2.64,15,0.02,false
NEW GLASGOW,Town,2025/2026,2025,1.84,4.45,2.61,16,0.0,false
PORT HAWKESBURY,Town,2025/2026,2025,1.58,4.16,2.58,17,0.0,false
OXFORD,Town,2025/2026,2025,1.7874,4.2804,2.493,18,0.0,false
MIDDLETON,Town,2025/2026,2025,1.82,4.3,2.48,19,0.0,false
STELLARTON,Town,2025/2026,2025,1.88,4.3,2.42,20,0.0,false
DIGBY,Town,2025/2026,2025,1.95,4.28,2.33,21,0.04,false
BERWICK,Town,2025/2026,2025,1.608,3.92,2.312,22,0.0,false
COUNTY SUBURBAN,Halifax Regional,2025/2026,2025,1.082,3.362,2.28,23,-0.473,false
BEDFORD,Halifax Regional,2025/2026,2025,1.115,3.362,2.247,24,-0.473,false
COUNTY URBAN,Halifax Regional,2025/2026,2025,1.115,3.362,2.247,24,-0.473,false
DARTMOUTH,Halifax Regional,2025/2026,2025,1.115,3.362,2.247,24,-0.473,false
HALIFAX,Halifax Regional,2025/2026,2025,1.115,3.362,2.247,24,-0.473,false
BRIDGEWATER,Town,2025/2026,2025,1.85,4.07,2.22,28,0.0,false
WOLFVILLE,Town,2025/2026,2025,1.4655,3.5655,2.1,29,0.0,false
TRENTON,Town,2025/2026,2025,2.04,4.1,2.06,30,0.0,false
COUNTY RURAL,Halifax Regional,2025/2026,2025,0.965,2.965,2.0,31,0.064,false
LUNENBURG,Town,2025/2026,2025,1.376,3.358,1.982,32,0.0,false
GUYSBOROUGH,Rural Municipality,2025/2026,2025,0.77,2.74,1.97,33,0.0,false
MAHONE BAY,Town,2025/2026,2025,1.324,3.264,1.94,34,0.0,false
KENTVILLE,Town,2025/2026,2025,1.4262,3.2962,1.87,35,0.0,false
SHELBURNE,Town,2025/2026,2025,1.99,3.86,1.87,35,0.0,false
STEWIACKE,Town,2025/2026,2025,1.58,3.45,1.87,35,0.0,false
WESTVILLE,Town,2025/2026,2025,2.13,3.95,1.82,38,0.0,false
EAST HANTS,Rural Municipality,2025/2026,2025,0.795,2.57,1.775,39,0.005,false
ANTIGONISH,Town,2025/2026,2025,1.3,2.9,1.6,40,0.08,false
CUMBERLAND,Rural Municipality,2025/2026,2025,1.17,2.74,1.57,41,0.0,false
BARRINGTON,Rural Municipality,2025/2026,2025,1.1,2.61,1.51,42,0.02,false
ANNAPOLIS ROYAL,Town,2025/2026,2025,1.76,3.26,1.5,43,0.0,false
KINGS,Rural Municipality,2025/2026,2025,0.853,2.287,1.434,44,0.0,false
COLCHESTER,Rural Municipality,2025/2026,2025,0.885,2.28,1.395,45,0.0,false
ST. MARY'S,Rural Municipality,2025/2026,2025,0.98,2.29,1.31,46,0.0,false
RICHMOND,Rural Municipality,2025/2026,2025,0.85,2.15,1.3,47,0.0,false
ARGYLE,Rural Municipality,2025/2026,2025,1.13,2.29,1.16,48,-0.02,false
LUNENBURG,Rural Municipality,2025/2026,2025,0.81,1.957,1.147,49,0.0,false
LIVERPOOL,Region of Queens,2025/2026,2025,1.885,2.995,1.11,50,0.01,false
QUEENS COUNTY,Region of Queens,2025/2026,2025,1.04,2.14,1.1,51,0.0,false
CLARE,Rural Municipality,2025/2026,2025,1.1,2.13,1.03,52,0.0,false
PICTOU,Rural Municipality,2025/2026,2025,0.815,1.825,1.01,53,0.0,false
YARMOUTH,Rural Municipality,2025/2026,2025,1.18,2.17,0.99,54,0.0,false
VICTORIA,Rural Municipality,2025/2026,2025,1.15,2.09,0.94,55,0.0,false
INVERNESS,Rural Municipality,2025/2026,2025,1.05,1.91,0.86,56,0.0,false
CHESTER,Rural Municipality,2025/2026,2025,0.685,1.5,0.815,57,0.0,false
ANNAPOLIS,Rural Municipality,2025/2026,2025,1.025,1.8,0.775,58,0.0,false
ANTIGONISH,Rural Municipality,2025/2026,2025,0.85,1.43,0.58,59,0.0,false
SHELBURNE,Rural Municipality,2025/2026,2025,1.26,1.82,0.56,60,0.0,false
DIGBY,Rural Municipality,2025/2026,2025,1.3,1.85,0.55,61,0.0,false
HANTSPORT,West Hants Regional Municipality,2025/2026,2025,0.7831,0.98,0.1969,62,-0.0859,false
WEST HANTS,West Hants Regional Municipality,2025/2026,2025,0.7831,0.98,0.1969,62,-0.0859,false
WINDSOR,West Hants Regional Municipality,2025/2026,2025,0.7831,0.98,0.1969,62,-0.0859,false
